-- MariaDB dump 10.19  Distrib 10.5.12-MariaDB, for Linux (x86_64)
--
-- Host: mysql.hostinger.ro    Database: u574849695_23
-- ------------------------------------------------------
-- Server version	10.5.12-MariaDB-cll-lve

/*!40101 SET @OLD_CHARACTER_SET_CLIENT=@@CHARACTER_SET_CLIENT */;
/*!40101 SET @OLD_CHARACTER_SET_RESULTS=@@CHARACTER_SET_RESULTS */;
/*!40101 SET @OLD_COLLATION_CONNECTION=@@COLLATION_CONNECTION */;
/*!40101 SET NAMES utf8mb4 */;
/*!40103 SET @OLD_TIME_ZONE=@@TIME_ZONE */;
/*!40103 SET TIME_ZONE='+00:00' */;
/*!40014 SET @OLD_UNIQUE_CHECKS=@@UNIQUE_CHECKS, UNIQUE_CHECKS=0 */;
/*!40014 SET @OLD_FOREIGN_KEY_CHECKS=@@FOREIGN_KEY_CHECKS, FOREIGN_KEY_CHECKS=0 */;
/*!40101 SET @OLD_SQL_MODE=@@SQL_MODE, SQL_MODE='NO_AUTO_VALUE_ON_ZERO' */;
/*!40111 SET @OLD_SQL_NOTES=@@SQL_NOTES, SQL_NOTES=0 */;

--
-- Table structure for table `communities`
--

DROP TABLE IF EXISTS `communities`;
/*!40101 SET @saved_cs_client     = @@character_set_client */;
/*!40101 SET character_set_client = utf8 */;
CREATE TABLE `communities` (
  `id` bigint(20) unsigned NOT NULL AUTO_INCREMENT,
  `name` varchar(150) COLLATE utf8mb4_unicode_ci DEFAULT NULL,
  `admin_user_id` bigint(20) unsigned DEFAULT NULL,
  PRIMARY KEY (`id`),
  KEY `communities_name_idx` (`name`),
  KEY `admin_user_id` (`admin_user_id`),
  CONSTRAINT `communities_ibfk_1` FOREIGN KEY (`admin_user_id`) REFERENCES `users` (`id`) ON DELETE SET NULL ON UPDATE CASCADE
) ENGINE=InnoDB AUTO_INCREMENT=101 DEFAULT CHARSET=utf8mb4 COLLATE=utf8mb4_unicode_ci;
/*!40101 SET character_set_client = @saved_cs_client */;

--
-- Dumping data for table `communities`
--

LOCK TABLES `communities` WRITE;
/*!40000 ALTER TABLE `communities` DISABLE KEYS */;
INSERT INTO `communities` VALUES (1,'quo',1),(2,'consectetur',2),(3,'deleniti',3),(4,'explicabo',4),(5,'molestias',5),(6,'aut',6),(7,'temporibus',7),(8,'vel',8),(9,'accusamus',9),(10,'amet',10),(11,'nulla',11),(12,'incidunt',12),(13,'excepturi',13),(14,'quo',14),(15,'recusandae',15),(16,'suscipit',16),(17,'maxime',17),(18,'dignissimos',18),(19,'ut',19),(20,'quod',20),(21,'aut',21),(22,'sit',22),(23,'molestiae',23),(24,'molestias',24),(25,'eveniet',25),(26,'provident',26),(27,'nulla',27),(28,'aliquam',28),(29,'illum',29),(30,'nihil',30),(31,'sunt',31),(32,'pariatur',32),(33,'ut',33),(34,'velit',34),(35,'voluptatem',35),(36,'suscipit',36),(37,'non',37),(38,'laudantium',38),(39,'quia',39),(40,'nostrum',40),(41,'accusamus',41),(42,'itaque',42),(43,'et',43),(44,'neque',44),(45,'occaecati',45),(46,'commodi',46),(47,'et',47),(48,'id',48),(49,'est',49),(50,'vel',50),(51,'quo',51),(52,'dicta',52),(53,'impedit',53),(54,'consequatur',54),(55,'eligendi',55),(56,'sint',56),(57,'consectetur',57),(58,'nostrum',58),(59,'dolor',59),(60,'architecto',60),(61,'veritatis',61),(62,'omnis',62),(63,'ut',63),(64,'et',64),(65,'beatae',65),(66,'odio',66),(67,'nulla',67),(68,'qui',68),(69,'reprehenderit',69),(70,'est',70),(71,'veniam',71),(72,'natus',72),(73,'hic',73),(74,'neque',74),(75,'incidunt',75),(76,'velit',76),(77,'aut',77),(78,'praesentium',78),(79,'numquam',79),(80,'nihil',80),(81,'earum',81),(82,'repellat',82),(83,'rerum',83),(84,'atque',84),(85,'repellendus',85),(86,'qui',86),(87,'molestias',87),(88,'rerum',88),(89,'cupiditate',89),(90,'eius',90),(91,'fuga',91),(92,'ad',92),(93,'et',93),(94,'modi',94),(95,'corrupti',95),(96,'assumenda',96),(97,'enim',97),(98,'ut',98),(99,'quia',99),(100,'voluptatem',100);
/*!40000 ALTER TABLE `communities` ENABLE KEYS */;
UNLOCK TABLES;

--
-- Table structure for table `friend_requests`
--

DROP TABLE IF EXISTS `friend_requests`;
/*!40101 SET @saved_cs_client     = @@character_set_client */;
/*!40101 SET character_set_client = utf8 */;
CREATE TABLE `friend_requests` (
  `initiator_user_id` bigint(20) unsigned NOT NULL,
  `target_user_id` bigint(20) unsigned NOT NULL,
  `status` enum('requested','approved','declined','unfriended') COLLATE utf8mb4_unicode_ci DEFAULT NULL,
  `requested_at` datetime DEFAULT current_timestamp(),
  `updated_at` datetime DEFAULT NULL ON UPDATE current_timestamp(),
  PRIMARY KEY (`initiator_user_id`,`target_user_id`),
  KEY `target_user_id` (`target_user_id`),
  CONSTRAINT `friend_requests_ibfk_1` FOREIGN KEY (`initiator_user_id`) REFERENCES `users` (`id`) ON DELETE CASCADE ON UPDATE CASCADE,
  CONSTRAINT `friend_requests_ibfk_2` FOREIGN KEY (`target_user_id`) REFERENCES `users` (`id`) ON DELETE CASCADE ON UPDATE CASCADE
) ENGINE=InnoDB DEFAULT CHARSET=utf8mb4 COLLATE=utf8mb4_unicode_ci;
/*!40101 SET character_set_client = @saved_cs_client */;

--
-- Dumping data for table `friend_requests`
--

LOCK TABLES `friend_requests` WRITE;
/*!40000 ALTER TABLE `friend_requests` DISABLE KEYS */;
INSERT INTO `friend_requests` VALUES (1,78,'declined','1972-04-09 04:23:29','1984-07-30 22:07:48'),(1,82,'requested','1992-09-19 10:15:11','2006-04-01 06:32:05'),(2,83,'requested','1975-08-12 17:10:56','1985-09-18 05:33:45'),(2,98,'requested','1971-06-24 23:14:09','2004-02-23 04:26:03'),(3,28,'approved','2008-06-06 11:16:36','1990-03-27 01:31:56'),(3,67,'requested','1985-12-15 02:16:42','1993-11-18 06:42:45'),(4,40,'declined','1974-11-12 15:40:15','2007-03-16 01:36:24'),(4,99,'requested','2006-04-10 17:10:30','2014-11-23 04:08:57'),(5,15,'approved','1980-03-25 02:30:03','1982-04-28 11:05:31'),(7,67,'requested','1984-05-11 01:32:15','2011-07-27 04:31:49'),(7,75,'unfriended','1990-06-12 19:26:29','1970-06-09 01:21:50'),(9,12,'unfriended','1974-04-29 16:12:32','2008-12-21 13:50:26'),(9,75,'declined','1983-07-14 22:42:02','2011-03-22 06:32:36'),(9,89,'unfriended','1987-09-30 13:04:10','1998-11-02 19:50:40'),(10,49,'approved','2019-08-31 16:50:00','1990-09-23 02:03:45'),(17,43,'declined','1971-02-22 08:32:48','1976-02-17 07:19:08'),(17,58,'requested','1975-04-22 10:48:49','1981-10-05 02:37:49'),(19,49,'declined','1996-07-09 06:30:33','2013-12-02 10:12:42'),(19,67,'declined','2001-03-16 11:28:51','2003-11-30 15:55:16'),(23,66,'requested','2006-04-11 18:16:51','2003-11-25 01:28:15'),(24,23,'unfriended','2000-10-10 14:50:57','1972-10-29 19:37:27'),(25,35,'approved','1973-09-05 19:46:20','1976-01-09 11:46:25'),(25,61,'unfriended','2007-11-30 03:04:38','2018-01-07 01:29:41'),(27,13,'requested','2011-02-04 07:25:35','1996-04-29 22:28:01'),(27,46,'declined','2003-01-18 22:09:43','2001-10-08 22:39:07'),(28,64,'declined','1990-06-16 03:51:01','2004-05-20 19:57:33'),(28,78,'approved','1974-07-20 13:55:13','2012-06-04 08:15:57'),(30,46,'declined','1978-10-22 15:11:51','1995-01-27 14:35:57'),(31,14,'declined','1995-11-27 15:24:07','1985-02-25 15:09:21'),(32,30,'requested','2022-02-13 01:42:00','1983-06-08 21:39:16'),(36,7,'requested','1977-09-02 16:30:25','1986-09-28 15:09:16'),(37,35,'declined','2003-08-19 14:09:38','2010-01-04 18:36:35'),(38,13,'requested','2013-03-12 15:00:10','1991-10-26 17:21:34'),(39,56,'requested','2020-04-27 02:09:06','2011-10-17 01:05:32'),(41,47,'approved','2017-06-22 03:14:25','1981-06-10 21:47:52'),(43,8,'requested','1970-03-15 03:43:39','1980-12-22 15:13:06'),(43,28,'requested','1974-12-26 02:41:12','2017-06-02 01:22:58'),(43,77,'requested','2006-12-21 02:04:39','2020-10-09 13:36:42'),(43,94,'declined','1978-02-16 00:55:49','1987-12-20 01:20:32'),(44,88,'requested','1994-07-03 15:37:06','2000-03-28 14:28:13'),(45,94,'requested','1983-08-05 21:17:21','2001-04-04 14:40:55'),(46,55,'declined','1990-07-21 03:29:00','1993-05-03 17:22:29'),(47,25,'declined','1989-11-06 15:38:09','1970-06-13 00:02:47'),(47,57,'declined','1971-10-30 17:48:41','2006-04-11 03:47:04'),(47,97,'declined','1989-05-22 00:05:26','1977-04-06 00:56:06'),(50,69,'unfriended','1972-05-22 02:09:26','1997-11-17 09:39:30'),(51,46,'unfriended','1992-01-04 01:28:46','1988-12-18 17:51:06'),(52,10,'requested','1991-06-09 13:45:02','1989-09-25 07:01:52'),(52,44,'unfriended','2007-09-24 22:38:32','1976-05-30 10:55:03'),(53,17,'requested','2006-12-28 22:57:32','2011-07-05 20:42:45'),(53,42,'unfriended','1972-07-12 01:44:38','1970-05-12 17:10:35'),(55,80,'requested','1986-06-27 21:44:33','1980-09-17 22:05:05'),(56,79,'approved','2021-06-15 16:20:47','2007-03-17 01:51:12'),(56,87,'unfriended','2002-05-17 09:22:19','2010-01-28 17:56:38'),(56,88,'declined','2015-04-23 11:19:10','2022-02-17 03:17:10'),(57,100,'unfriended','2005-07-24 15:15:40','2003-12-20 21:36:49'),(59,53,'approved','1999-10-14 05:21:46','1990-07-17 21:07:16'),(59,68,'unfriended','2009-03-03 22:13:59','1971-09-14 04:32:21'),(60,86,'declined','1971-10-15 14:50:37','1974-08-28 23:06:30'),(62,11,'unfriended','1987-08-12 05:31:03','1982-01-21 21:54:27'),(62,88,'unfriended','1991-09-22 02:47:38','1987-06-20 15:03:54'),(63,86,'declined','1987-04-04 17:34:16','1980-12-24 12:53:47'),(64,62,'unfriended','1979-07-28 04:15:26','2005-08-07 13:30:31'),(66,98,'requested','2002-02-18 00:30:34','1993-05-31 11:30:11'),(67,25,'unfriended','2021-10-05 01:22:42','1988-08-15 18:23:08'),(68,52,'unfriended','2004-06-17 04:26:16','2005-07-29 08:16:21'),(71,26,'requested','1990-07-10 21:00:32','1986-02-03 23:04:49'),(71,94,'declined','1985-07-08 16:44:31','2017-06-10 04:33:29'),(72,28,'unfriended','2018-02-22 13:30:05','1988-09-16 18:17:31'),(74,27,'requested','2013-06-07 14:08:49','2020-10-15 00:41:52'),(74,46,'unfriended','2010-12-17 23:45:06','2014-11-13 13:38:42'),(74,54,'approved','2022-07-27 02:56:28','1970-10-25 10:56:25'),(76,83,'approved','1998-08-29 04:53:00','2012-08-28 04:31:09'),(78,14,'requested','2020-01-07 22:10:50','1979-04-11 09:05:52'),(79,69,'unfriended','1974-04-26 12:56:30','2002-01-17 07:44:51'),(80,38,'declined','2016-11-19 17:26:55','2012-02-15 14:37:09'),(81,30,'unfriended','1996-04-10 06:20:36','2007-06-14 06:02:23'),(81,95,'approved','2000-03-14 10:16:46','1971-09-15 23:14:56'),(82,54,'unfriended','2001-07-12 22:19:20','2003-10-08 11:13:23'),(84,23,'requested','1994-08-02 18:46:59','1975-01-13 13:29:13'),(84,39,'declined','2013-12-14 15:35:04','1991-10-03 07:42:45'),(84,78,'approved','2006-02-02 08:51:55','1974-03-28 14:30:00'),(85,69,'declined','2001-11-27 14:31:07','2004-08-18 22:28:00'),(87,30,'declined','2008-03-06 06:19:58','1987-10-11 03:56:32'),(88,7,'unfriended','1977-08-11 23:42:16','1997-09-19 02:11:46'),(88,98,'declined','1992-09-22 02:04:26','1970-01-24 17:55:37'),(90,47,'requested','2020-09-27 08:11:56','1970-08-21 16:19:42'),(94,13,'requested','2008-03-14 04:35:20','1987-09-05 10:48:56'),(94,54,'approved','1978-04-05 21:56:42','1990-01-15 15:39:50'),(94,78,'requested','1993-07-27 21:15:22','2016-04-08 08:52:34'),(95,79,'unfriended','1997-09-13 12:50:09','1976-02-08 00:22:17'),(96,56,'declined','1998-06-14 12:41:26','1979-05-25 17:09:59'),(96,67,'requested','1978-03-19 02:38:12','2021-11-10 13:26:26'),(97,3,'unfriended','2014-10-19 06:49:55','1998-11-05 21:47:14'),(97,12,'requested','1987-08-07 19:41:56','1976-05-07 11:09:55'),(97,22,'declined','1971-06-22 06:52:07','2001-05-10 09:47:31'),(97,33,'requested','1982-03-20 02:47:17','1997-06-03 23:11:34'),(97,88,'declined','1996-05-25 17:40:41','2006-06-06 16:52:00'),(99,73,'unfriended','1973-02-13 21:40:13','2022-07-09 00:11:07');
/*!40000 ALTER TABLE `friend_requests` ENABLE KEYS */;
UNLOCK TABLES;

--
-- Table structure for table `likes`
--

DROP TABLE IF EXISTS `likes`;
/*!40101 SET @saved_cs_client     = @@character_set_client */;
/*!40101 SET character_set_client = utf8 */;
CREATE TABLE `likes` (
  `id` bigint(20) unsigned NOT NULL AUTO_INCREMENT,
  `user_id` bigint(20) unsigned NOT NULL,
  `media_id` bigint(20) unsigned NOT NULL,
  `created_at` datetime DEFAULT current_timestamp(),
  PRIMARY KEY (`id`),
  KEY `user_id` (`user_id`),
  KEY `media_id` (`media_id`),
  CONSTRAINT `likes_ibfk_1` FOREIGN KEY (`user_id`) REFERENCES `users` (`id`) ON DELETE CASCADE ON UPDATE CASCADE,
  CONSTRAINT `likes_ibfk_2` FOREIGN KEY (`media_id`) REFERENCES `media` (`id`) ON DELETE CASCADE ON UPDATE CASCADE
) ENGINE=InnoDB AUTO_INCREMENT=101 DEFAULT CHARSET=utf8mb4 COLLATE=utf8mb4_unicode_ci;
/*!40101 SET character_set_client = @saved_cs_client */;

--
-- Dumping data for table `likes`
--

LOCK TABLES `likes` WRITE;
/*!40000 ALTER TABLE `likes` DISABLE KEYS */;
INSERT INTO `likes` VALUES (1,45,89,'2017-05-06 15:45:51'),(2,64,22,'1997-05-18 15:10:03'),(3,14,100,'1974-02-18 14:13:41'),(4,44,66,'1989-06-28 23:14:04'),(5,18,55,'1985-05-29 17:09:23'),(6,6,40,'1974-04-13 10:44:25'),(7,4,84,'2013-07-03 05:26:46'),(8,36,76,'2012-03-31 17:29:15'),(9,38,67,'2014-05-05 09:43:41'),(10,79,18,'2002-11-19 23:20:38'),(11,50,3,'1980-09-22 09:51:27'),(12,90,1,'1982-12-12 07:37:50'),(13,38,34,'2012-01-26 21:12:39'),(14,53,12,'2005-11-21 12:38:33'),(15,41,35,'2002-02-25 11:14:00'),(16,45,86,'2012-03-27 12:05:00'),(17,24,9,'2000-05-02 08:30:19'),(18,7,38,'1972-07-06 18:02:02'),(19,8,51,'2000-12-25 17:58:22'),(20,3,26,'1983-05-22 12:07:27'),(21,6,8,'2018-11-18 13:43:40'),(22,65,9,'2013-04-10 20:56:45'),(23,92,1,'1992-08-05 11:41:18'),(24,85,29,'2010-07-19 07:08:15'),(25,67,63,'1982-10-30 20:46:50'),(26,46,16,'1977-06-19 00:58:38'),(27,66,36,'2008-01-28 15:01:18'),(28,16,3,'1980-08-06 13:54:19'),(29,69,69,'2020-09-30 07:46:06'),(30,15,10,'2006-12-19 23:34:55'),(31,4,59,'2015-03-24 02:22:47'),(32,96,27,'2011-05-28 01:31:35'),(33,67,3,'1986-02-04 22:08:25'),(34,65,75,'1988-05-15 17:26:34'),(35,53,67,'1988-01-18 02:44:58'),(36,100,58,'1975-02-03 02:38:57'),(37,75,65,'2002-06-24 11:22:24'),(38,67,66,'1973-07-28 08:25:05'),(39,65,52,'1993-02-02 10:09:28'),(40,95,31,'1971-03-11 19:50:58'),(41,14,41,'2017-09-19 12:54:28'),(42,46,80,'1975-02-24 12:21:42'),(43,76,62,'2012-10-06 08:40:08'),(44,83,44,'1982-07-22 13:55:20'),(45,30,97,'2013-07-17 00:35:13'),(46,54,34,'1993-11-19 00:29:00'),(47,56,49,'2007-08-01 19:54:45'),(48,61,23,'1976-12-22 03:05:31'),(49,51,25,'1970-07-03 02:55:09'),(50,97,4,'1992-08-12 10:15:13'),(51,92,97,'1980-01-24 00:57:17'),(52,62,66,'2016-01-13 22:30:26'),(53,61,29,'2015-11-18 02:16:34'),(54,32,25,'2020-05-18 02:22:31'),(55,80,26,'2018-05-22 02:10:37'),(56,55,94,'1996-01-10 06:22:58'),(57,66,1,'1975-04-28 23:49:58'),(58,73,41,'1990-04-26 05:00:08'),(59,63,56,'2002-05-04 22:20:47'),(60,85,93,'2000-08-23 07:03:46'),(61,52,39,'1987-05-15 05:38:08'),(62,26,8,'1983-11-05 16:40:35'),(63,88,86,'1985-10-27 21:56:06'),(64,30,39,'1980-07-23 16:15:09'),(65,11,27,'1991-12-09 06:00:52'),(66,42,2,'1997-12-02 13:05:44'),(67,24,4,'2017-02-07 16:41:27'),(68,68,84,'2015-03-07 11:03:18'),(69,32,99,'1970-02-24 12:45:33'),(70,9,11,'1997-02-25 05:53:23'),(71,25,64,'1993-09-02 04:03:56'),(72,5,90,'2007-11-27 09:27:04'),(73,64,77,'2017-05-29 02:05:05'),(74,31,26,'2021-06-20 11:38:28'),(75,33,16,'1981-05-07 04:01:15'),(76,18,85,'2016-03-09 01:01:50'),(77,54,44,'1992-12-30 20:31:36'),(78,92,41,'2003-09-01 10:31:57'),(79,30,22,'2021-05-11 06:11:44'),(80,79,40,'1971-06-06 06:51:43'),(81,48,21,'1998-05-15 12:16:17'),(82,42,72,'2010-02-10 01:58:11'),(83,24,9,'2010-08-09 19:44:47'),(84,55,56,'1998-03-08 00:34:11'),(85,8,63,'2000-04-25 03:22:59'),(86,66,32,'1984-07-05 13:33:11'),(87,27,70,'1988-06-03 05:34:11'),(88,22,90,'2017-12-12 01:19:44'),(89,47,53,'2005-07-31 22:51:50'),(90,16,80,'1973-10-03 06:32:51'),(91,68,34,'1987-04-12 16:42:08'),(92,64,21,'1988-08-13 21:23:46'),(93,78,55,'1976-12-20 16:53:01'),(94,62,7,'1974-01-26 06:27:11'),(95,76,41,'2008-11-25 02:10:27'),(96,47,24,'1975-06-22 19:27:56'),(97,61,88,'1978-10-01 03:42:33'),(98,96,84,'2000-12-10 08:06:16'),(99,97,50,'2004-05-16 02:05:08'),(100,39,4,'1977-11-15 05:37:40');
/*!40000 ALTER TABLE `likes` ENABLE KEYS */;
UNLOCK TABLES;

--
-- Table structure for table `media`
--

DROP TABLE IF EXISTS `media`;
/*!40101 SET @saved_cs_client     = @@character_set_client */;
/*!40101 SET character_set_client = utf8 */;
CREATE TABLE `media` (
  `id` bigint(20) unsigned NOT NULL AUTO_INCREMENT,
  `media_type_id` bigint(20) unsigned DEFAULT NULL,
  `user_id` bigint(20) unsigned NOT NULL,
  `body` text COLLATE utf8mb4_unicode_ci DEFAULT NULL,
  `filename` varchar(255) COLLATE utf8mb4_unicode_ci DEFAULT NULL,
  `size` int(11) DEFAULT NULL,
  `metadata` longtext CHARACTER SET utf8mb4 COLLATE utf8mb4_bin DEFAULT NULL CHECK (json_valid(`metadata`)),
  `created_at` datetime DEFAULT current_timestamp(),
  `updated_at` datetime DEFAULT current_timestamp() ON UPDATE current_timestamp(),
  PRIMARY KEY (`id`),
  KEY `user_id` (`user_id`),
  KEY `media_type_id` (`media_type_id`),
  CONSTRAINT `media_ibfk_1` FOREIGN KEY (`user_id`) REFERENCES `users` (`id`) ON DELETE CASCADE ON UPDATE CASCADE,
  CONSTRAINT `media_ibfk_2` FOREIGN KEY (`media_type_id`) REFERENCES `media_types` (`id`) ON DELETE SET NULL ON UPDATE CASCADE
) ENGINE=InnoDB AUTO_INCREMENT=101 DEFAULT CHARSET=utf8mb4 COLLATE=utf8mb4_unicode_ci;
/*!40101 SET character_set_client = @saved_cs_client */;

--
-- Dumping data for table `media`
--

LOCK TABLES `media` WRITE;
/*!40000 ALTER TABLE `media` DISABLE KEYS */;
INSERT INTO `media` VALUES (1,1,31,'Eos omnis optio quia corporis. Molestias illo et aut ut commodi ut magnam totam. Voluptates molestias quis ratione officiis totam vel eligendi. Voluptas qui voluptates sed blanditiis.','sapiente',680867,NULL,'2006-10-14 05:45:25','1985-06-11 09:17:51'),(2,2,52,'Culpa cum consectetur excepturi eligendi. Quaerat eaque quis sed rerum et occaecati eum. Nostrum et veritatis quas deserunt omnis. Nesciunt voluptates odio cumque aut.','ut',7,NULL,'1993-09-28 01:31:18','1993-03-27 07:47:17'),(3,3,82,'Fuga rerum et ea magnam facere. Autem quam qui delectus vel omnis autem. Qui vel odit accusamus commodi maxime quia error. Deserunt et accusamus omnis aut quibusdam modi.','aut',22096299,NULL,'1992-03-13 16:04:15','2018-03-17 18:16:34'),(4,4,9,'Provident blanditiis fuga quasi accusamus reprehenderit. Aut ea sint facilis esse. Voluptas eius dolorem itaque.','perspiciatis',7,NULL,'1983-07-31 03:19:39','2004-07-06 23:35:11'),(5,5,66,'Eaque hic rerum tempora et. Rerum aut et dolores autem dolorem. Ducimus aspernatur voluptas sint provident ducimus tempore reiciendis. Qui et impedit tempora natus eligendi.','voluptatem',70715,NULL,'2003-07-13 11:25:06','2021-04-08 02:04:48'),(6,1,24,'Suscipit iste qui dolore consequatur eveniet placeat. A a molestiae eligendi. Alias animi veniam doloribus adipisci impedit delectus corrupti.','et',19,NULL,'1996-11-12 20:03:46','1987-09-07 00:11:26'),(7,2,18,'Optio hic dicta illo quo tempora blanditiis ut labore. Eveniet inventore earum non.','velit',4184,NULL,'1981-02-22 10:51:06','2012-04-26 08:32:15'),(8,3,84,'Mollitia rerum rem ut officiis sint rerum dolores. Reiciendis facilis et nemo voluptates consequatur dolor. Aliquid debitis deleniti dolorum rerum illo aliquam. Fugit et est dolor officia.','ab',38208280,NULL,'2000-07-13 05:57:51','1995-10-21 09:16:45'),(9,4,77,'Neque non ad exercitationem in quo atque ipsa. Voluptatem doloribus tempora ipsam impedit aliquam sint. Unde eius molestias mollitia et iusto qui. Fuga placeat est ipsum facilis non consequatur.','dolorem',0,NULL,'2007-03-13 16:40:56','1988-02-21 17:02:06'),(10,5,74,'Possimus quos error asperiores ratione incidunt quisquam. Et deleniti porro est doloribus. Corporis porro modi ducimus nesciunt rem sit. Maiores ex voluptas dignissimos eaque at.','sint',1,NULL,'2009-04-20 10:28:32','1973-07-05 18:38:41'),(11,1,27,'Illo iure eos modi. Voluptatem unde nesciunt cupiditate vitae distinctio. Ut est quos sed modi aspernatur.','mollitia',90218,NULL,'1998-06-27 01:42:29','1992-07-20 16:45:03'),(12,2,54,'Ut amet et sed. Alias dolorem nisi et et eligendi. Aut labore itaque ratione possimus. Magnam eos error reprehenderit atque ipsam quia.','et',660,NULL,'1976-08-06 18:25:23','1978-01-25 03:30:44'),(13,3,87,'Minus occaecati ut qui ea. Esse quia non velit illo ut suscipit. Quia optio alias fugit tenetur reprehenderit beatae. Delectus beatae expedita quo consectetur sed.','placeat',3909770,NULL,'2010-11-15 02:08:07','2002-07-30 15:23:17'),(14,4,8,'Veniam adipisci mollitia distinctio perferendis aut. Accusamus atque ad non necessitatibus ut. Voluptatum accusamus dolor magnam repellendus aliquam. Ratione omnis et rem veritatis. Rerum perferendis facere totam ea aperiam dolorem.','exercitationem',6,NULL,'2014-11-04 18:53:41','2015-08-21 16:51:06'),(15,5,71,'Veritatis earum alias iusto omnis. Autem explicabo voluptatem vel est quae sed. Quam omnis velit delectus voluptatum beatae velit. Quia magni vel minima incidunt iusto optio ratione.','dolor',446615,NULL,'1996-02-25 17:15:41','2021-03-13 21:08:53'),(16,1,73,'Enim placeat ipsum voluptatem pariatur illum neque. Ab suscipit debitis consectetur pariatur. Architecto earum at quasi ea consequuntur aut. Nobis est voluptatem placeat et aut voluptates reprehenderit.','qui',80938,NULL,'1993-10-11 19:37:28','1993-11-25 04:23:26'),(17,2,89,'Tenetur eos saepe reprehenderit et. Dicta voluptatibus animi maiores molestias qui voluptate dolores. Architecto officiis tempora eveniet et molestiae officia.','delectus',24,NULL,'1985-10-23 04:12:56','2013-04-26 01:26:19'),(18,3,14,'Et officia ipsa architecto nulla facilis dolores aut. Molestias et omnis earum. Est aut eaque voluptatem aspernatur.','id',42618,NULL,'1987-09-13 15:33:10','2015-12-16 22:02:34'),(19,4,24,'Officiis repellendus nesciunt delectus atque. Hic et ipsam repudiandae quisquam. Voluptate voluptas fugiat enim consequatur dolores velit omnis sit.','aut',2001117,NULL,'1991-04-14 03:51:32','2018-11-22 17:36:32'),(20,5,8,'Dolorem aut id cumque porro repudiandae. Similique excepturi et inventore accusamus est repellendus quia. Aut esse sit blanditiis dicta id doloremque.','et',5483001,NULL,'1987-08-24 18:51:01','2000-08-29 23:40:12'),(21,1,95,'Aut laboriosam dignissimos unde praesentium quisquam. Id qui laudantium veniam sit. Fugit voluptatibus numquam voluptas cupiditate non.','modi',9227,NULL,'2000-05-13 02:09:15','1991-02-20 02:02:38'),(22,2,21,'Vitae consectetur quisquam vel debitis perferendis earum. Illum suscipit incidunt sit ut. Dolor sit unde rerum sint. Nihil dolor fugit fugiat necessitatibus optio earum qui.','quis',75364,NULL,'1992-07-09 13:50:19','1974-03-31 19:53:20'),(23,3,27,'Aut occaecati ut ut eligendi cupiditate. Natus minus perspiciatis inventore delectus deleniti sapiente. Pariatur voluptatem et numquam dolore. Consequatur voluptas eum rem dolorem.','et',74,NULL,'1984-02-13 01:38:11','2010-08-11 02:26:36'),(24,4,69,'Rerum accusamus animi cupiditate incidunt dolor. Ullam ullam quasi laborum voluptatem occaecati possimus error provident. Deleniti dolor iusto dolor quibusdam aut laborum magnam. Et dolores aut sit in.','blanditiis',6447035,NULL,'1995-07-03 08:49:46','1999-05-18 15:58:22'),(25,5,45,'Ut nisi saepe ipsum odit aperiam hic. Debitis expedita iste illo impedit omnis voluptatem. Enim nihil accusantium autem consequatur ex nulla placeat.','enim',91,NULL,'1997-12-26 20:28:36','1997-09-12 00:27:09'),(26,1,90,'Eum officia sed quo consectetur dolores laborum ipsa. Quam et sed ad omnis. Aliquid nemo tempore quis vel ipsa culpa.','tempora',0,NULL,'2000-02-16 13:54:06','1993-09-07 09:17:25'),(27,2,9,'Harum in dolores cupiditate commodi fugit incidunt ut. Aut explicabo enim deleniti cupiditate. Esse saepe soluta error laudantium molestiae unde. Et voluptatem voluptas itaque animi odio.','aut',636,NULL,'1982-09-07 00:40:14','2019-02-23 18:25:44'),(28,3,27,'Quaerat nesciunt sed doloribus dignissimos ea rerum. Aut voluptas velit odit explicabo voluptatem nihil suscipit. Voluptatum et expedita distinctio quaerat consequatur. Quibusdam ducimus vero velit eum sed nisi.','esse',93734003,NULL,'2003-04-07 18:08:57','2001-09-30 00:03:43'),(29,4,9,'Qui sed quisquam quos maiores. Dolorum minus est fugiat qui pariatur distinctio rerum.','dignissimos',891622831,NULL,'2000-03-19 06:19:12','2020-05-25 11:46:58'),(30,5,51,'Est omnis dolorem ratione possimus. Magni et voluptatem aut odit quis et. Officiis expedita a id reprehenderit nesciunt est. Ratione quasi cupiditate autem ea dolorem.','quibusdam',2028,NULL,'2016-12-28 16:22:35','1980-11-20 14:44:38'),(31,1,95,'Totam voluptatem provident perspiciatis. Sed repellat fugiat consequuntur unde ex dicta similique. Facere doloribus placeat consequuntur atque praesentium ratione. Impedit dolores ab et aut iusto earum.','soluta',3,NULL,'2003-03-06 12:26:56','2004-01-19 23:10:02'),(32,2,40,'Aut et dicta porro consectetur corporis. Error sapiente nam tenetur blanditiis et aut. Ut praesentium repellat qui voluptatum.','voluptas',6901,NULL,'1971-06-29 11:43:01','1991-09-27 14:48:18'),(33,3,3,'Excepturi nobis blanditiis voluptatum animi. Quis fugiat sit quod pariatur qui eaque et. Perspiciatis quidem officia eaque quia. Quis iste velit quo exercitationem magni non omnis ea.','quia',52096,NULL,'1994-01-10 11:47:25','1974-11-13 02:59:40'),(34,4,76,'Tenetur odit illum fugiat aliquid doloremque deserunt. Delectus dolor iure et ducimus sit. Tempora deleniti et aut est.','optio',397108133,NULL,'1978-02-05 21:36:21','1995-10-17 02:38:04'),(35,5,49,'Eum vitae consequuntur et odio eveniet qui mollitia. Quod quam labore eveniet vel. Neque corrupti et laboriosam voluptate saepe voluptas. Officiis praesentium iste recusandae mollitia sed quidem vitae.','aut',0,NULL,'2011-04-22 15:02:45','1971-12-28 01:52:42'),(36,1,68,'Expedita illo id quos sunt sequi in. Sint accusamus aut esse. Corporis repellendus recusandae maxime ut nihil ea. Delectus molestiae ea beatae asperiores quam esse nesciunt eaque.','beatae',49455833,NULL,'2002-08-26 12:57:30','2003-04-12 09:14:22'),(37,2,100,'Enim culpa aperiam ut necessitatibus necessitatibus qui. Modi minus ea error distinctio tenetur.','fuga',3155,NULL,'2008-05-29 22:51:19','1990-10-26 20:21:54'),(38,3,66,'Eveniet doloribus ut delectus quam. Quibusdam sequi sunt rerum eligendi sit. Cum reprehenderit ipsa aut et voluptas ratione cum.','quia',5,NULL,'1981-09-25 13:40:45','1992-01-14 08:13:33'),(39,4,52,'Ipsam ut doloremque rerum voluptatem hic sint qui. Distinctio atque et sed. Ducimus necessitatibus ipsam ab laborum.','modi',2673664,NULL,'2018-01-26 07:20:14','2012-01-19 20:15:27'),(40,5,76,'Corrupti repellendus non ut voluptas nemo dicta incidunt itaque. Et molestias hic ea repellendus aut blanditiis assumenda aut. Omnis aut autem beatae omnis reiciendis.','dolores',130388147,NULL,'2016-06-15 23:33:59','1977-11-17 18:42:46'),(41,1,39,'Quod quaerat culpa laudantium a nemo voluptatem. Tempore repellendus fugiat voluptates dignissimos. Dicta consequatur occaecati saepe quo numquam eius vel.','nostrum',435,NULL,'1977-03-22 02:18:41','2008-08-10 19:51:43'),(42,2,78,'Exercitationem molestiae officiis in neque architecto. Alias cupiditate alias reprehenderit est laborum rerum amet alias. Quia incidunt reprehenderit ut qui dolorem occaecati.','possimus',160,NULL,'1971-07-26 21:15:06','2001-04-17 02:12:05'),(43,3,29,'Quia corporis fuga ut laboriosam. Autem architecto blanditiis necessitatibus tempore. Qui ut omnis distinctio consequatur nihil hic natus eligendi. Assumenda porro esse eius necessitatibus sit.','vel',77392783,NULL,'1995-04-20 10:39:45','2007-09-20 23:21:16'),(44,4,26,'Voluptatum consectetur quam sit id sint aliquam in. Praesentium nesciunt laboriosam quidem voluptas ut ut eum. Velit labore itaque corporis id cum.','cum',6820515,NULL,'1970-11-21 09:06:29','1991-06-20 00:55:59'),(45,5,85,'Consequatur sapiente maiores voluptate accusantium quam. Et neque quam quisquam praesentium consequatur consequatur. Dolor enim alias non repudiandae. Maiores ea pariatur et blanditiis animi omnis. Quidem aspernatur veniam eos doloribus nostrum ut totam rerum.','voluptas',0,NULL,'1998-10-13 04:19:52','2006-01-03 23:30:07'),(46,1,100,'Iste ea temporibus mollitia nobis maxime eius illum. Expedita est nisi et voluptatem. Quo aperiam quia sunt omnis illo dolor.','cupiditate',5,NULL,'1994-05-29 19:33:55','1977-09-24 11:49:13'),(47,2,98,'Quasi voluptas quod ratione rerum quod aut. Qui sed neque laboriosam voluptas at. Enim ut tempore et explicabo id deserunt.','ab',4686801,NULL,'2000-08-01 23:02:11','1970-07-01 03:14:16'),(48,3,74,'Ut facere magnam fugit dolore dolor repudiandae sit sit. Atque animi et aperiam sit et officiis et. Dolores voluptatem quibusdam unde ab eligendi. Itaque est hic accusamus eligendi id temporibus qui.','alias',7057,NULL,'2000-11-29 23:16:18','2015-05-16 19:45:50'),(49,4,14,'Quia quia esse vel sed harum. Quasi qui qui autem et et quae cupiditate. Est pariatur voluptatum sit laudantium id.','explicabo',668,NULL,'2017-09-11 21:24:50','2017-01-25 15:30:17'),(50,5,22,'Quo voluptatibus expedita fugiat rerum. Neque itaque at omnis tenetur. Mollitia doloribus neque ullam aut.','fugiat',0,NULL,'2020-12-04 16:31:05','1992-08-22 10:17:25'),(51,1,82,'Quis animi ab hic voluptate fugit et. Et commodi officia fugiat sed molestiae nostrum dignissimos. Pariatur dolor placeat enim similique nisi rem. Cupiditate omnis ipsam omnis explicabo sit optio ut.','consequatur',925,NULL,'1979-10-13 14:01:19','1991-07-14 08:32:41'),(52,2,8,'Necessitatibus voluptatibus natus molestiae consequatur itaque voluptatum labore. Vel occaecati dolores dignissimos consequuntur omnis. Dolorum consequatur doloremque eligendi non.','reprehenderit',18082352,NULL,'2019-11-25 06:28:19','2006-10-13 08:53:18'),(53,3,42,'Quia omnis accusamus repellendus aut. Exercitationem et facere hic est. Minus culpa voluptatem omnis et quisquam doloremque. Nobis consequatur enim tenetur voluptas facere dicta.','quia',223272,NULL,'2016-12-01 10:11:34','1989-08-24 12:47:37'),(54,4,8,'Perspiciatis vitae dolorem voluptatem minus esse. Iure praesentium est illo numquam illo odit sequi. Maiores aut omnis quaerat unde consequatur. Odio aspernatur vel laborum inventore at.','architecto',0,NULL,'2003-01-08 01:46:15','2001-02-01 07:06:35'),(55,5,76,'Nostrum magnam rerum nobis ratione. At sed fugit voluptas. Quos officia debitis nam necessitatibus velit magni et.','dolor',674,NULL,'2006-05-11 03:07:56','1997-02-05 01:39:23'),(56,1,86,'Necessitatibus harum dolor culpa ut reprehenderit dolor. Aliquid provident velit voluptatum fuga. Occaecati nam eligendi quibusdam ea ratione voluptatem. Atque consequatur aut consequatur assumenda.','quae',9372,NULL,'1976-06-20 12:27:04','2005-10-25 07:26:14'),(57,2,97,'Quo assumenda numquam consequatur. Dolor consequatur deleniti laborum officiis maiores id deleniti. Repudiandae voluptates qui autem ea. Facere praesentium officiis quos repellendus quisquam dolores tempore quas. Voluptas ut quod similique ea minus.','reiciendis',78826717,NULL,'1981-08-18 17:08:06','2000-02-11 00:39:04'),(58,3,85,'Rem perspiciatis voluptatem id laborum quidem voluptatibus sed. Perferendis dolore occaecati laudantium officiis praesentium doloribus eum perferendis. Rerum unde eligendi molestiae hic aperiam aut. Nisi sed quam consectetur natus.','autem',8,NULL,'1997-06-26 05:24:53','1975-10-22 02:37:10'),(59,4,13,'Temporibus ex autem corrupti labore et. Aperiam vitae recusandae maiores quia ut. Dolore assumenda quia in officiis hic cum.','quisquam',807643,NULL,'2020-11-17 08:29:31','1973-11-07 20:52:19'),(60,5,6,'Minus saepe suscipit voluptatem aut placeat voluptas maiores. Quas fugit expedita sequi nihil earum vel sit. Hic architecto vel nulla amet. Error quasi facilis ipsam inventore reprehenderit aut aut.','modi',96726,NULL,'2001-12-03 17:52:55','1979-08-21 06:00:11'),(61,1,35,'Ex repellendus at non ducimus ea enim dolor. Enim odio sapiente itaque deserunt. Dolorem maiores autem omnis accusantium. Sed rerum adipisci aut ut temporibus qui aut.','corporis',542560914,NULL,'1998-09-07 12:33:40','1980-12-01 21:24:11'),(62,2,7,'Vel suscipit earum in expedita in placeat. Qui id et sunt quae et rerum magnam. Et est eos illum nemo magni qui.','in',204207482,NULL,'1994-09-28 20:18:44','1981-05-30 15:43:14'),(63,3,45,'Autem qui occaecati qui et mollitia quod. Autem sed molestiae adipisci a. Sed fugiat quo laborum maiores.','eos',44145980,NULL,'1998-12-06 18:33:19','1982-09-24 04:30:20'),(64,4,38,'Necessitatibus nulla repellat dolore non alias ut corrupti. Minus illo est quae doloremque ipsum doloribus quod officia. Voluptas occaecati minima expedita nihil.','dolore',946,NULL,'2007-04-28 06:14:34','1984-09-18 09:23:14'),(65,5,83,'Impedit et aperiam nobis repudiandae quo ut quia. Consequatur aliquam voluptatem suscipit nisi molestiae doloribus. Adipisci velit quod quo ipsam vel.','reprehenderit',0,NULL,'1991-08-25 10:17:13','2015-09-17 15:29:36'),(66,1,93,'Nemo laudantium sequi tempore nemo quod recusandae est. Autem adipisci officia maxime. Vel dolor qui quod amet sunt. Optio quos voluptatum excepturi.','doloremque',560876367,NULL,'2006-10-26 22:22:19','1989-03-28 13:28:22'),(67,2,6,'Quo quia adipisci in placeat. Modi autem modi nulla. Facilis quisquam est est tempora eaque nihil ipsa consectetur. Maxime est at fugit voluptatibus.','cumque',0,NULL,'1974-11-20 10:01:56','2005-03-31 01:14:35'),(68,3,82,'Quod dolore voluptatem ullam alias earum. Quia placeat voluptatem dignissimos adipisci nulla sed ut saepe. Corporis voluptatum ut sed. Ut voluptas reiciendis velit corrupti est sed.','hic',17586816,NULL,'1992-12-07 11:45:18','1996-08-16 08:56:02'),(69,4,59,'Quasi sit officia harum porro aut. Aut ullam ratione sed recusandae eum. Esse placeat architecto rem ut. Vitae ut vitae velit voluptatum ad. Aperiam id quidem nam quis.','cum',7296,NULL,'1982-08-23 20:53:33','2013-12-16 22:19:17'),(70,5,57,'Voluptatibus rerum exercitationem sint quos adipisci praesentium recusandae. Ut quia voluptas qui id itaque numquam voluptatem perspiciatis. Sed doloremque harum cupiditate reprehenderit eaque. Et consequatur delectus quasi velit dicta.','aut',34447,NULL,'2020-08-21 01:11:58','2010-07-15 18:38:46'),(71,1,58,'Nam rem eligendi quod qui. Esse expedita est nisi. Commodi molestias praesentium et tempora sint enim magnam inventore.','sint',0,NULL,'2000-05-14 17:56:00','1995-12-19 11:43:40'),(72,2,97,'Iusto qui est deserunt sunt. Accusantium possimus quo consequatur corrupti suscipit earum.','culpa',4,NULL,'1970-08-27 01:39:25','1977-05-30 12:28:16'),(73,3,35,'Numquam molestias qui modi. Est at dicta placeat quae eum recusandae veritatis.','veritatis',5,NULL,'1974-05-23 17:22:15','2006-12-27 00:13:27'),(74,4,87,'Suscipit nam amet voluptas esse dolore. Id rerum enim tempora et. Ducimus rerum enim sint odio. Ea quia praesentium voluptates eligendi molestiae debitis eius.','explicabo',79012,NULL,'1986-03-18 08:10:54','1995-06-22 14:49:22'),(75,5,23,'Tempore sed adipisci ut odit dolor aut consequatur. Iusto harum delectus a nisi minima dolores. Molestiae quae totam voluptas voluptas adipisci.','quasi',26770,NULL,'1983-07-08 11:12:20','2021-12-23 19:38:58'),(76,1,20,'Quos quibusdam dolor error deserunt qui maiores sunt aspernatur. Dolorem molestiae commodi ipsam magni nihil cum nihil. Reprehenderit animi ut dolorem nam.','quibusdam',34177125,NULL,'1976-04-02 04:39:34','2002-09-30 04:17:14'),(77,2,86,'Esse distinctio pariatur inventore aspernatur tenetur ab explicabo. Quam voluptatibus sequi sed aut sit assumenda molestiae. Ab repellendus et id ut ut.','dolorum',39884,NULL,'2015-09-21 07:08:35','2006-01-07 16:46:31'),(78,3,20,'Accusamus quos natus assumenda et. Eaque est cupiditate explicabo officia cumque saepe quo. Doloremque non ut fugiat modi aut aut nobis qui.','sunt',9897676,NULL,'1992-06-05 11:14:12','1983-07-24 23:12:24'),(79,4,93,'Similique quas quod aut repellendus. Molestias cupiditate architecto ducimus dolorum incidunt. Laboriosam placeat est eveniet repellat numquam voluptates quia perspiciatis. Mollitia omnis eligendi eaque dicta aspernatur.','eaque',24719748,NULL,'1988-10-28 16:41:03','1975-11-28 20:27:01'),(80,5,100,'Nesciunt eum et necessitatibus voluptatem debitis incidunt. Enim eligendi exercitationem error animi. Qui et possimus in sequi rerum tenetur ut ratione. Voluptatibus ea quo rerum.','debitis',3742,NULL,'2015-02-17 05:42:39','1984-10-11 14:16:32'),(81,1,41,'Possimus est impedit possimus et rerum unde ullam quod. Perferendis dolor ullam libero nemo. Eos recusandae est sed incidunt quam dicta sed. Eaque dignissimos commodi fuga facilis natus.','debitis',8189185,NULL,'2008-11-24 08:41:54','1978-05-02 15:48:50'),(82,2,75,'Ratione nisi at quos voluptas qui similique ratione qui. Delectus enim sit quis dolores nesciunt quo. Tempora ut voluptas quam ea optio ut consectetur. Possimus dignissimos non deleniti dolore ut et iure vero.','et',22,NULL,'2021-05-19 23:52:11','1973-10-16 20:28:16'),(83,3,7,'Et eveniet dolorum ea molestias. Dolorum qui incidunt enim sed et. Ipsum architecto voluptatem alias quasi illum et.','neque',6813652,NULL,'1977-06-26 22:56:04','2019-11-06 01:30:09'),(84,4,83,'Corporis non dignissimos voluptatem nulla. Nihil voluptatem maxime in ipsam iusto provident amet. Placeat facere voluptas nihil et incidunt. Nihil et eum quia ex.','velit',871931,NULL,'2019-01-06 09:51:20','2016-05-21 08:27:18'),(85,5,82,'Sit labore rerum omnis molestiae et velit. Dolor vel soluta et in hic sunt.','sit',51805,NULL,'1976-12-27 10:01:36','1982-01-06 20:23:27'),(86,1,83,'Beatae voluptates quo rerum vel voluptatem sequi totam. Corporis molestias hic mollitia numquam soluta voluptatem quibusdam. Odit ut voluptas at et dolorem. Voluptas et ducimus excepturi quis quia aut amet.','dolorem',502706855,NULL,'1986-02-22 06:13:47','1996-01-28 23:31:37'),(87,2,69,'Voluptas ducimus quia iure et. Dignissimos nam autem voluptas in saepe rerum a sapiente. Eveniet et minima doloremque possimus ipsum sequi quia. Omnis ea consequuntur asperiores.','consequatur',3019315,NULL,'1976-01-09 17:44:13','1978-02-19 06:02:00'),(88,3,79,'Non fugit itaque corrupti ut odio placeat saepe. Ipsum occaecati est magnam. Laudantium placeat officiis est aut. Ut aliquid hic aut corrupti sit.','aspernatur',402464216,NULL,'2013-07-10 02:29:14','1996-07-06 11:07:54'),(89,4,67,'Aut culpa quos voluptate. Distinctio nulla nisi neque magni neque molestiae aut. Autem natus pariatur eveniet iusto cumque minus quia. Voluptates aliquam maiores sint cupiditate a ad.','molestiae',70,NULL,'1982-05-03 15:38:17','2002-06-29 00:01:32'),(90,5,81,'Unde magnam officiis repellendus quo. Id earum iusto molestias qui dignissimos totam. Explicabo hic vel et ex quaerat.','iusto',808987924,NULL,'1984-05-13 20:44:26','2004-01-27 16:13:50'),(91,1,84,'Vitae praesentium maxime laborum asperiores et temporibus. Tenetur voluptatibus doloribus aut veniam. In enim ratione modi minima.','omnis',439358,NULL,'2012-09-18 05:21:06','1981-05-06 00:24:49'),(92,2,2,'Nihil eos qui recusandae aut ut sunt. Et molestiae sapiente aut quidem dignissimos. Dolorem sunt cum error quisquam voluptate vel.','laborum',3119880,NULL,'1999-12-14 06:54:36','2000-03-29 19:06:31'),(93,3,88,'Iste aut eveniet molestiae impedit quaerat itaque. Impedit nam repellendus a hic. Odit voluptate odio inventore labore quia voluptates. Rem consequatur iste dolorem in odio. Sint aut sequi laudantium velit numquam est.','minus',24781,NULL,'2020-08-26 01:58:42','1987-07-08 18:32:23'),(94,4,28,'Ducimus rerum ea dolor maxime officia distinctio enim. Voluptas ex fugiat ab exercitationem fugiat et. Neque neque eos et magnam non.','consequatur',1,NULL,'1982-04-08 11:57:44','1976-05-30 10:20:26'),(95,5,39,'Consequatur adipisci fugit numquam. Eligendi cumque necessitatibus voluptatem incidunt consequatur amet qui. Eum eum possimus ullam. Nobis odio aut consequatur quaerat porro et.','fugiat',0,NULL,'1981-04-09 16:20:25','2008-11-23 13:20:40'),(96,1,70,'Et dolor laboriosam voluptate magnam nihil quia eius. Occaecati id cumque atque atque blanditiis placeat. Vel architecto et officia labore ipsum porro ipsa. Inventore voluptas et ex.','possimus',65218919,NULL,'2002-04-11 08:14:39','1995-02-17 20:27:28'),(97,2,21,'Deserunt consequatur laborum iusto sed voluptatum voluptatibus sapiente. Ut est temporibus cum nihil id vero dolore. Suscipit inventore animi est pariatur eum.','ut',476,NULL,'1999-04-22 22:41:54','1999-01-27 02:52:05'),(98,3,45,'Modi ex in adipisci aspernatur sequi. Recusandae totam et molestiae vero quidem doloremque delectus. Et consequuntur velit sit saepe repellat nihil aut. Necessitatibus possimus adipisci amet ut rerum. Nisi illum molestias sit eaque cumque fugiat qui.','rerum',65253942,NULL,'1974-10-20 13:36:16','2000-01-07 03:15:38'),(99,4,52,'Doloribus rerum ut corrupti quos voluptas aut. Aut eaque necessitatibus quia quae aut vel aliquid. Deleniti in ut et dolores laborum ad est quae.','porro',0,NULL,'2006-01-30 03:10:51','1970-06-22 08:54:05'),(100,5,80,'Vero non ea voluptatem distinctio. Omnis aperiam laborum aperiam placeat sunt. Pariatur consequuntur nam aliquid ea magni odit.','facilis',0,NULL,'2003-09-19 21:01:59','1976-10-29 17:41:19');
/*!40000 ALTER TABLE `media` ENABLE KEYS */;
UNLOCK TABLES;

--
-- Table structure for table `media_types`
--

DROP TABLE IF EXISTS `media_types`;
/*!40101 SET @saved_cs_client     = @@character_set_client */;
/*!40101 SET character_set_client = utf8 */;
CREATE TABLE `media_types` (
  `id` bigint(20) unsigned NOT NULL AUTO_INCREMENT,
  `name` varchar(255) COLLATE utf8mb4_unicode_ci DEFAULT NULL,
  `created_at` datetime DEFAULT current_timestamp(),
  `updated_at` datetime DEFAULT current_timestamp() ON UPDATE current_timestamp(),
  PRIMARY KEY (`id`)
) ENGINE=InnoDB AUTO_INCREMENT=6 DEFAULT CHARSET=utf8mb4 COLLATE=utf8mb4_unicode_ci;
/*!40101 SET character_set_client = @saved_cs_client */;

--
-- Dumping data for table `media_types`
--

LOCK TABLES `media_types` WRITE;
/*!40000 ALTER TABLE `media_types` DISABLE KEYS */;
INSERT INTO `media_types` VALUES (1,'maxime','2014-06-04 00:50:36','1986-01-31 18:56:09'),(2,'eum','2007-06-22 21:22:20','2017-07-01 02:12:49'),(3,'temporibus','1980-01-06 07:50:51','1991-03-05 06:03:19'),(4,'veniam','1984-01-26 01:43:20','2013-01-01 09:41:39'),(5,'tempore','1970-01-13 19:28:20','2020-01-11 10:15:57');
/*!40000 ALTER TABLE `media_types` ENABLE KEYS */;
UNLOCK TABLES;

--
-- Table structure for table `messages`
--

DROP TABLE IF EXISTS `messages`;
/*!40101 SET @saved_cs_client     = @@character_set_client */;
/*!40101 SET character_set_client = utf8 */;
CREATE TABLE `messages` (
  `id` bigint(20) unsigned NOT NULL AUTO_INCREMENT,
  `from_user_id` bigint(20) unsigned NOT NULL,
  `to_user_id` bigint(20) unsigned NOT NULL,
  `body` text COLLATE utf8mb4_unicode_ci DEFAULT NULL,
  `created_at` datetime DEFAULT current_timestamp(),
  PRIMARY KEY (`id`),
  KEY `from_user_id` (`from_user_id`),
  KEY `to_user_id` (`to_user_id`),
  CONSTRAINT `messages_ibfk_1` FOREIGN KEY (`from_user_id`) REFERENCES `users` (`id`) ON DELETE CASCADE ON UPDATE CASCADE,
  CONSTRAINT `messages_ibfk_2` FOREIGN KEY (`to_user_id`) REFERENCES `users` (`id`) ON DELETE CASCADE ON UPDATE CASCADE
) ENGINE=InnoDB AUTO_INCREMENT=101 DEFAULT CHARSET=utf8mb4 COLLATE=utf8mb4_unicode_ci;
/*!40101 SET character_set_client = @saved_cs_client */;

--
-- Dumping data for table `messages`
--

LOCK TABLES `messages` WRITE;
/*!40000 ALTER TABLE `messages` DISABLE KEYS */;
INSERT INTO `messages` VALUES (1,13,5,'Ut et nihil ea incidunt. Eaque rerum sed accusantium quasi. Asperiores in perferendis placeat et aut placeat vel amet. Aut recusandae ea sunt expedita et.','1985-10-08 04:31:59'),(2,35,39,'Error rerum at quibusdam. Quaerat vel aut omnis. Qui aperiam corporis ut numquam laboriosam sequi eius est. Qui autem praesentium reprehenderit ea. Maiores quia eos nesciunt fuga dolorem amet.','2003-10-12 03:35:17'),(3,75,56,'Nihil porro et incidunt voluptates. Non aut eum maxime repudiandae aut perspiciatis sint id. Adipisci aut facilis laboriosam aut qui.','2015-09-25 05:22:48'),(4,29,22,'Sunt beatae mollitia aliquid minima cumque ut vel repudiandae. Qui ex iste dolore. Officia dolorem nam eveniet quidem quasi quis itaque ratione. Accusantium aspernatur et cumque magni voluptates.','2012-03-10 17:49:57'),(5,9,45,'Nobis eum natus ut nobis odit. Facere aut autem corrupti perferendis. Earum ex et saepe ipsa natus sequi. Sit amet molestiae sit facilis.','1990-12-23 19:58:43'),(6,1,76,'Deserunt ipsam laborum distinctio deserunt sequi molestiae sint. Cumque asperiores eos ipsum. Qui culpa reiciendis et veritatis possimus assumenda ab. Distinctio eligendi quia alias placeat facilis nulla.','1992-01-27 10:01:57'),(7,78,64,'Ducimus dolor possimus architecto similique consequatur. Aspernatur ipsam ut blanditiis aut vero ipsa officiis.','2008-06-02 19:37:20'),(8,97,56,'Eveniet quasi veniam quibusdam eos quidem. Illo deserunt et iste soluta. Vero autem officia odio aut autem. Laudantium accusamus quibusdam maxime numquam ut. Temporibus aut nobis sed qui perferendis.','2015-05-29 03:53:03'),(9,19,58,'Et excepturi accusamus tempore animi velit explicabo dolore. Quas adipisci earum hic possimus dolor. Id dolore doloribus nihil provident voluptate necessitatibus. Voluptate consequuntur aut nemo eveniet eveniet.','2005-11-18 20:44:25'),(10,62,95,'Accusamus sapiente et consectetur officiis aperiam quia. Sit a itaque beatae provident. Eum possimus fuga atque quasi minima.','1981-10-31 09:13:38'),(11,98,9,'At eum deleniti at molestias omnis. Ut quidem exercitationem sunt laudantium et.','1973-04-17 01:21:26'),(12,19,59,'Ut placeat et corporis placeat officiis voluptas quia nostrum. Sit deserunt aut sit at ex.','1994-10-18 03:42:38'),(13,96,14,'Dignissimos voluptatem dolore accusamus maiores minima beatae. Quia eaque soluta omnis quam ipsam. Voluptatum expedita mollitia quia eos.','1985-06-22 06:10:14'),(14,43,92,'Est et molestiae officiis repellendus ducimus. Sit optio tempora illum adipisci. Accusamus accusantium quis quo minus nam.','1990-02-28 19:02:10'),(15,64,81,'Quia dolorum sit ab sed eaque est provident. Molestiae aut maiores facere non voluptatem. Non consequatur mollitia debitis suscipit.','2000-11-24 12:21:14'),(16,96,76,'Cum fugit eligendi vel et quibusdam quibusdam perspiciatis. Fugiat ex est non qui expedita. Voluptates voluptatibus id minima in autem vero quia. Dolorem ipsa omnis molestiae esse animi esse. Quia sit tempore alias nesciunt aspernatur.','2022-01-11 11:40:07'),(17,86,30,'Provident quod itaque accusantium ipsa ab maiores vel. Consequatur sed natus est. Necessitatibus iusto quas blanditiis et deleniti in.','2001-12-05 19:01:57'),(18,15,61,'Et iste aut quasi rerum dignissimos suscipit id. Enim ut blanditiis deserunt inventore. Non rerum vitae iste qui placeat. Rerum accusamus consequatur officiis. Exercitationem quis ut repellendus.','1971-11-02 21:59:49'),(19,86,44,'Beatae et sed velit temporibus at quibusdam et. Et illo quasi dolorem magni autem ipsam aliquid.','2006-08-10 04:05:20'),(20,82,94,'Porro qui in veniam saepe reiciendis. Reiciendis veniam est nihil odit iste. Quo excepturi et natus porro voluptatem voluptatibus odio. Illum inventore repellat tempora vel ex ad. Voluptas laboriosam fugiat doloribus harum.','1993-11-21 11:04:46'),(21,88,83,'Dolorem blanditiis aut earum necessitatibus voluptatem inventore. Debitis quisquam qui temporibus. Perspiciatis exercitationem ea nesciunt maxime consequatur ab. Id consequatur inventore dolorem ratione. Saepe voluptate dolorem incidunt sequi ut necessitatibus quidem.','2016-09-27 01:59:53'),(22,70,66,'Eum provident voluptatem recusandae esse non est deserunt earum. Expedita ad eveniet non commodi possimus. Omnis quam rerum et ratione facilis. Perferendis minima ipsam iusto soluta facilis aut.','1971-07-19 03:51:37'),(23,47,66,'Consequatur ut et necessitatibus deserunt. Ipsa voluptatum voluptatem unde voluptatibus perferendis iste. Repellat iure velit repellendus doloremque voluptatibus voluptates quo. Consequatur est pariatur iusto.','2021-03-11 18:03:16'),(24,21,66,'Est mollitia ut eligendi facilis ut suscipit voluptatem. Possimus enim eos corrupti voluptas. Distinctio est et porro unde.','1977-10-17 08:15:52'),(25,24,82,'Quas est voluptates neque velit est esse. Est non est qui dolor. Eos consequatur quaerat voluptatum sunt optio modi quisquam. Deleniti veniam ad ab et soluta ipsam excepturi et.','1998-08-10 13:33:42'),(26,60,22,'Et et nobis quis qui. Eius suscipit fugiat quos et. Ad repellendus sit enim in et autem ut. Ab voluptatem itaque ipsum dicta voluptatem et.','2022-01-04 16:09:08'),(27,90,79,'Voluptatum sunt aperiam provident aut quo autem aspernatur. Distinctio sequi sunt quos explicabo cum molestias. Quia aut error laudantium alias et.','1985-02-07 21:02:07'),(28,80,86,'Repudiandae atque voluptatum rerum. Repellat ut alias enim nihil dolores rem. Et voluptatem repellendus ut et sint est. Perferendis optio exercitationem ut perspiciatis et possimus inventore.','1984-09-08 21:29:03'),(29,92,22,'Incidunt qui cum minima velit eos et. Non eos amet nihil sed exercitationem quas ipsa. Saepe reiciendis veniam non. Optio ut minima provident sunt.','2012-04-12 01:27:42'),(30,78,55,'Fuga quia provident accusamus pariatur quas rerum dignissimos. Quae et sapiente eos excepturi at dolorum. Ipsum illum quidem at labore molestias omnis ipsam. Ut nemo perspiciatis delectus eum qui aut dolorem.','1981-08-13 12:53:27'),(31,3,73,'Quasi numquam ut rerum voluptate fugiat reiciendis eaque atque. Ut dicta a laboriosam neque et sed. Nihil quia facere voluptatibus eos.','1994-05-25 21:55:02'),(32,31,88,'Esse mollitia maiores ducimus doloribus excepturi itaque sequi excepturi. Ea quam asperiores exercitationem autem sint et. Excepturi tempora harum nisi esse et rerum.','1997-03-12 00:08:22'),(33,3,46,'Harum ab error suscipit optio quasi quo sed. Qui vel molestiae temporibus illum veritatis rerum consectetur aut. Sint nisi laboriosam totam sed.','1989-01-18 13:33:45'),(34,49,88,'Voluptatibus quaerat repellat quas quam sit vel dignissimos. Natus nihil explicabo molestias architecto officiis aperiam fugit minus. Ea voluptate beatae omnis vitae. Et voluptatum consequuntur vel vitae asperiores quia quibusdam reiciendis.','2021-04-13 16:39:55'),(35,89,30,'Deserunt assumenda necessitatibus consequuntur rerum nostrum. Vero sed asperiores sapiente beatae voluptas dolores. Officiis modi quis nemo animi.','1987-05-14 20:35:31'),(36,82,76,'Reiciendis deserunt iste repellat totam. Magnam similique facere voluptas consectetur exercitationem doloremque deleniti. Ea consequatur optio in sunt.','2001-04-08 03:30:15'),(37,13,51,'Repellat animi sunt quo ipsa sed labore. Veritatis ratione odio quasi dolor dignissimos. Dolor omnis vitae odio et. Natus eum omnis error deserunt aut quia.','2018-03-29 05:53:49'),(38,41,59,'Velit laborum repellat rerum. Doloribus dolor minus assumenda quam tenetur quia. Impedit aliquid voluptatem repudiandae sint voluptatem eos. Minus quis nulla voluptatum soluta consequatur ut quas.','1991-10-28 23:12:08'),(39,17,62,'Cum est quia est qui totam eveniet ut. Consequuntur architecto distinctio at laudantium assumenda nisi. Fugiat officia aut debitis hic qui id rerum.','2001-12-26 13:14:33'),(40,24,40,'Eveniet qui consequatur dolorem. Voluptates aut ut nihil dolores. Consequatur recusandae nostrum ipsam explicabo optio eaque laboriosam.','1998-12-01 14:05:39'),(41,43,84,'Dolores non occaecati fugiat est rerum qui nesciunt. Non nam perspiciatis necessitatibus sunt. Quis sapiente iure rerum incidunt quia minus. Asperiores fuga quibusdam animi iusto tempore aut animi ea.','2010-12-19 00:26:45'),(42,61,33,'Vero adipisci quia atque beatae ut ducimus. Modi ut architecto est nihil mollitia et quisquam. Debitis quas est dolor corrupti ipsa officia occaecati.','1972-04-09 17:34:49'),(43,62,40,'Eum sunt laboriosam sit laboriosam laudantium aut et aspernatur. Consectetur possimus et minima eum quis quia. Ut nihil est et fugiat aspernatur. Officiis sit repudiandae qui praesentium maiores necessitatibus in.','1985-09-03 15:58:44'),(44,19,54,'Non est architecto quaerat quidem vero eos quod. Et cumque qui provident et consequatur. Sit maiores sed ut. Iure cupiditate rerum officia dolorum ullam.','2010-02-19 15:12:08'),(45,62,96,'Dolores similique aut deleniti ex cum. Fugit error corrupti labore consequatur facere quo. Est necessitatibus odio non similique ab. Eveniet aliquid voluptates tenetur eos sit.','1993-05-05 05:24:30'),(46,9,64,'Voluptas maiores eos inventore unde voluptatibus totam. Rem provident impedit quia ut eveniet quia omnis. Voluptate qui odio et ullam.','2001-10-02 20:57:53'),(47,69,39,'Porro totam eligendi facilis cumque at quo. Quae optio minima ut exercitationem ut. Qui eum sed culpa deserunt asperiores.','1975-07-12 20:12:32'),(48,52,71,'Quidem quis sunt sequi sit ea mollitia. Fuga a et et velit eveniet et. Odio qui atque odio ut ut rerum.','2011-02-16 20:05:00'),(49,85,100,'Incidunt ab iste labore quae maiores excepturi voluptates. Beatae recusandae dolore enim nobis veniam id officia sapiente. Eligendi aliquid quidem iste ullam.','1986-11-26 09:30:47'),(50,59,73,'Odio ex magnam voluptas quisquam omnis nobis. Quis velit harum saepe quos est enim. Explicabo odio assumenda excepturi quam.','2000-12-04 06:30:59'),(51,30,41,'Cum officia enim asperiores atque quod facilis ut. Dolor distinctio molestiae ea quod et. Sit excepturi asperiores illum architecto. Perferendis quibusdam illo adipisci consequuntur voluptatum quidem.','1988-06-08 14:58:54'),(52,49,42,'Quidem expedita eveniet ullam est in et. Tempore esse aliquam quia et velit officia itaque. Harum mollitia quis non ut amet et.','2006-08-29 21:45:19'),(53,92,90,'Vitae facere nostrum quod et nulla dolores fuga. Asperiores autem soluta perspiciatis eos aut corrupti dolore.','2004-08-05 06:18:03'),(54,1,8,'Aut facilis voluptate nihil molestiae voluptas tempora ad. A expedita earum error. Porro dolores nam assumenda fugit harum. Omnis sit ut cupiditate ratione ut.','1996-11-25 17:50:23'),(55,51,24,'Omnis dolorum maiores provident quae. Ducimus nam quos praesentium est tenetur. Illo ipsum aut aut eligendi. Eum laboriosam vitae vel quo autem nulla.','2013-10-16 07:58:57'),(56,48,94,'Ut dolorem et eius. Totam quo aperiam voluptatem dolor sit aut laudantium. Quia dolorem odit rem enim et. Consequatur temporibus doloremque laboriosam est voluptatem natus.','1972-02-23 08:32:42'),(57,8,8,'Aliquid impedit et facere odio vel rerum. In ut itaque asperiores excepturi dolor est. Magnam eum qui rerum corporis adipisci ex.','2012-12-31 07:38:36'),(58,26,69,'Enim delectus facilis aut labore. Veniam qui cupiditate consequatur dolor beatae quia qui esse. Rem vitae quia qui qui repellat asperiores.','1970-03-01 08:53:37'),(59,48,45,'Quia sed veritatis qui sit necessitatibus. Temporibus consectetur possimus expedita voluptatibus. Consectetur illum sit molestias reiciendis sint rem fugit. Dolores saepe id maxime ipsam odit non soluta aut.','1994-02-15 19:00:05'),(60,22,9,'Vel magni vel voluptas. Tempora quidem consequatur fuga deleniti et quae cupiditate. Aut dolore illum est maxime. Itaque dolorum ut et corporis atque tenetur recusandae nam.','1983-02-09 22:26:40'),(61,41,30,'Sit rem itaque commodi necessitatibus nemo. Asperiores nostrum totam et magnam. Autem vel voluptate impedit ullam temporibus est. Earum tempora qui repudiandae cum.','1973-10-09 21:38:01'),(62,73,9,'Quidem provident facere qui beatae ut enim maxime. Cumque magnam atque cumque quaerat maiores ut maxime. Non dignissimos soluta quisquam incidunt quaerat. Vel et rerum illo quia. Rem maiores repudiandae quia deserunt nulla.','1976-10-01 20:41:05'),(63,69,24,'Repudiandae dolorem doloribus et labore. Cumque dolorem porro maxime facere quas sit. Dolore reprehenderit minus rerum id molestias esse et.','1998-03-14 04:02:30'),(64,80,53,'Quam eligendi qui repellendus vel ut incidunt aut. Est ipsum voluptatem molestiae id nihil natus qui. Non hic dicta blanditiis quidem debitis nesciunt. Saepe voluptatibus doloribus rem omnis eum nemo.','2003-06-26 02:06:46'),(65,23,39,'Suscipit maxime inventore et dolor voluptatem qui numquam. Aut voluptates nisi iusto autem. Quod voluptas nostrum ea est. Aut sint labore a facere sit autem. Id qui pariatur libero iusto.','2011-07-17 13:38:02'),(66,26,52,'Quod mollitia beatae quidem itaque id corporis consequatur. Aliquam aut animi enim enim. Qui eum maiores magni est dolores recusandae. Eos quia voluptatem porro dolorem laborum iusto consequatur.','2015-01-06 07:44:48'),(67,79,74,'Qui eos autem recusandae. Fugiat aut pariatur odit laboriosam quisquam. Earum illo aut sunt enim voluptatum ipsum nostrum. Voluptatem saepe aut tempora quo rerum est.','2000-03-24 07:12:40'),(68,94,71,'Rerum et natus quae quia harum labore facilis. Ut expedita commodi vitae. Alias eum dignissimos veritatis quas recusandae soluta possimus. Iste enim et sint sed doloremque natus dolorem nihil.','1991-02-07 21:06:27'),(69,63,94,'Non quo et earum sed corporis. Magnam qui et distinctio qui harum et quo. Voluptatem et dicta pariatur.','2019-09-30 14:40:40'),(70,78,13,'Sed ratione quia voluptatem cum. Molestias at sunt qui fugiat deleniti natus deserunt quasi. Accusantium distinctio eveniet explicabo eos corrupti saepe ex. Eos consequatur accusamus voluptatem cumque.','1992-04-23 02:34:30'),(71,18,25,'Officia accusamus ut et ut omnis possimus officiis voluptatibus. Esse explicabo sunt sit rem atque delectus repellendus. Quia fugiat quod nihil et est enim suscipit fugit. Consectetur dolorem veritatis distinctio aspernatur dolorem quod magni.','1991-07-18 06:06:26'),(72,6,25,'Qui rerum dolorem cum sint numquam impedit. Qui non deserunt similique aut. Enim sint ut velit rem adipisci. Minima qui ex laborum in.','1973-07-01 12:44:57'),(73,33,32,'Est et et distinctio ea. Autem quam in nobis officiis debitis temporibus. Consequatur porro dolorum consequuntur architecto sint.','1972-01-10 18:51:48'),(74,94,80,'Voluptatem harum reiciendis rerum voluptatem alias voluptatem rerum. Dolorum eligendi enim aliquid. Sit odit facilis porro beatae in ducimus. Quia nesciunt maiores aut molestiae.','1982-05-23 21:14:55'),(75,77,16,'Ut velit sapiente quisquam ut officia laudantium praesentium. Est odit officia magnam ipsa asperiores.','1991-12-30 17:32:10'),(76,89,17,'Voluptatem iure officiis libero nisi eveniet. Expedita est quo dolorem quia ratione libero. Quis labore qui aut voluptatem aut.','2006-01-30 17:47:39'),(77,46,62,'Excepturi minima aut voluptatem ut sunt qui explicabo et. Facilis ut incidunt culpa recusandae in sit quos. Quia quasi vel accusamus similique aut autem. Sit et eius sed consectetur cumque ducimus.','1982-09-23 21:51:15'),(78,26,14,'Veniam aut odio nisi dolorem repellat. Fuga quam magni quisquam molestiae qui. Quidem velit eos qui laudantium ut fugiat. Veritatis vitae unde unde repudiandae.','1970-02-21 04:31:56'),(79,85,5,'Vero nam illum omnis ea. Illo nesciunt adipisci assumenda autem eum iusto perspiciatis. Soluta quae rerum harum.','1998-08-03 01:58:00'),(80,67,8,'Sit nesciunt incidunt amet cumque. Beatae est accusantium rerum quisquam magni porro. Doloremque explicabo et asperiores qui fugiat et quasi. Dolores nam officiis assumenda ut ea porro.','2012-10-27 23:33:49'),(81,44,92,'Hic non dignissimos molestiae. Ab totam cumque excepturi fuga voluptatem in. Nesciunt quia ipsum mollitia est qui est ab.','2007-02-19 18:17:22'),(82,60,23,'Doloremque rerum non consequuntur nulla ducimus. Fugit quos quos saepe rerum dolore consectetur. Odit sunt mollitia id in. Molestias consequuntur id libero occaecati ipsum est.','2005-03-20 22:16:40'),(83,66,53,'Quasi fugiat explicabo rerum dolores alias corrupti. Ullam assumenda illum sed odit quis quibusdam. Voluptas officiis tempora nihil sint et ipsam magni rerum. Assumenda perspiciatis quis doloribus nobis quia esse.','1993-05-27 01:50:50'),(84,93,29,'Voluptatem quis assumenda nesciunt eveniet. Aliquam asperiores voluptatem error error eum. Est inventore voluptates est voluptas nihil aperiam.','2010-08-08 16:07:06'),(85,47,70,'Possimus vel facere rerum exercitationem. Qui consectetur totam similique. Dolore voluptates veritatis fugit labore perspiciatis.','2020-08-04 13:45:25'),(86,42,64,'Hic alias unde autem occaecati. Ex nihil labore quaerat. Quae sed ut reiciendis aut.','2016-08-29 08:08:18'),(87,95,47,'Maxime iure omnis mollitia rerum praesentium ullam labore ut. Illo dolore est sed sit molestiae perferendis. Dolores quod ullam doloremque esse sed molestiae.','1974-07-25 23:40:37'),(88,89,27,'Sit voluptas ducimus necessitatibus vero in. Nemo aspernatur quis quis. Ut in ratione eligendi omnis voluptatem. In rem nam iusto earum possimus corrupti.','1984-04-24 05:20:40'),(89,79,82,'Velit modi enim sed aut. Itaque eligendi porro quo quas autem. Voluptatum quasi velit aut officia ratione exercitationem omnis.','2001-08-14 02:17:17'),(90,7,55,'Quae tempore dignissimos doloremque odit qui est. Sint provident quia quas neque minima fugit odio. Harum iusto veniam numquam quia consequatur necessitatibus quos officia. Expedita ducimus deserunt ea similique sed.','1993-05-14 13:50:14'),(91,97,96,'Culpa molestiae eos rerum consequatur aut. Sapiente laudantium totam autem dolore ut. Dolor sunt et explicabo nihil repellendus. Quis quaerat pariatur qui consequatur modi.','2001-05-16 06:11:41'),(92,72,42,'Minus ratione incidunt sit distinctio delectus amet. Et omnis praesentium accusamus maxime velit. Voluptates distinctio praesentium distinctio vero eius. Ab dolor nemo occaecati dolor saepe et.','2009-11-07 19:04:21'),(93,57,97,'Nesciunt fugiat dolorem et ut voluptatibus quo impedit error. Error et fuga dicta repudiandae recusandae illo porro. Nam porro iusto quibusdam consequatur mollitia quo nesciunt eum. Et ut voluptatem eaque ab quod officiis.','2021-05-03 12:25:52'),(94,56,42,'Aut aut quos optio quia esse eos molestiae. Quod omnis dignissimos perspiciatis tenetur quae labore ducimus autem. Voluptatem aut aut qui odit et sit voluptatem.','1987-11-03 01:28:45'),(95,2,23,'Aut modi delectus ipsam ea. Fugit porro et consequatur animi non. Quibusdam debitis laborum explicabo. Minima quod quos quasi quasi et et ea.','2001-06-10 04:54:00'),(96,50,45,'Et maiores consequatur et exercitationem possimus. Occaecati molestiae inventore odit nam expedita vel. Voluptatem aspernatur modi qui enim cupiditate. Consequatur magnam recusandae voluptates ab sunt qui.','2007-04-14 14:51:45'),(97,15,9,'Est aliquam unde molestiae minima consequatur est cumque. Quasi consequatur nisi laborum. Nobis et aut porro aut laborum expedita. Et delectus quia sed enim architecto.','2011-01-29 13:19:59'),(98,67,80,'Commodi quo iusto nemo facilis ea molestiae temporibus. Omnis fugiat velit qui tempore. Dolores et porro sint debitis ducimus sequi nihil.','1994-04-24 06:22:23'),(99,62,60,'Dignissimos sunt vero dicta molestias tempore sunt vero. Quam omnis ea aut beatae et inventore. Porro facere autem distinctio praesentium veritatis. Veniam aperiam corporis ut fugiat.','2014-01-07 16:52:52'),(100,9,8,'Et aut totam eligendi harum esse quia. Quis aliquid et beatae qui dolor tenetur magni quaerat. Consectetur nobis praesentium pariatur sapiente. Eligendi id ratione qui rerum doloribus laboriosam.','2006-05-06 18:48:47');
/*!40000 ALTER TABLE `messages` ENABLE KEYS */;
UNLOCK TABLES;

--
-- Table structure for table `photo_albums`
--

DROP TABLE IF EXISTS `photo_albums`;
/*!40101 SET @saved_cs_client     = @@character_set_client */;
/*!40101 SET character_set_client = utf8 */;
CREATE TABLE `photo_albums` (
  `id` bigint(20) unsigned NOT NULL AUTO_INCREMENT,
  `name` varchar(255) COLLATE utf8mb4_unicode_ci DEFAULT NULL,
  `user_id` bigint(20) unsigned DEFAULT NULL,
  PRIMARY KEY (`id`),
  UNIQUE KEY `id` (`id`),
  KEY `user_id` (`user_id`),
  CONSTRAINT `photo_albums_ibfk_1` FOREIGN KEY (`user_id`) REFERENCES `users` (`id`) ON DELETE SET NULL ON UPDATE CASCADE
) ENGINE=InnoDB AUTO_INCREMENT=101 DEFAULT CHARSET=utf8mb4 COLLATE=utf8mb4_unicode_ci;
/*!40101 SET character_set_client = @saved_cs_client */;

--
-- Dumping data for table `photo_albums`
--

LOCK TABLES `photo_albums` WRITE;
/*!40000 ALTER TABLE `photo_albums` DISABLE KEYS */;
INSERT INTO `photo_albums` VALUES (1,'sed',43),(2,'debitis',96),(3,'ratione',80),(4,'quisquam',65),(5,'alias',84),(6,'corporis',37),(7,'nobis',36),(8,'esse',35),(9,'qui',68),(10,'quibusdam',59),(11,'perspiciatis',99),(12,'delectus',78),(13,'saepe',35),(14,'officia',83),(15,'minima',100),(16,'debitis',57),(17,'voluptatibus',8),(18,'dicta',53),(19,'expedita',74),(20,'veritatis',20),(21,'dolores',84),(22,'sunt',67),(23,'optio',100),(24,'rerum',70),(25,'inventore',57),(26,'distinctio',34),(27,'magnam',12),(28,'quam',95),(29,'aperiam',65),(30,'veritatis',21),(31,'modi',4),(32,'praesentium',7),(33,'rerum',16),(34,'voluptatum',84),(35,'corporis',72),(36,'esse',100),(37,'vel',20),(38,'aut',7),(39,'est',35),(40,'necessitatibus',88),(41,'est',66),(42,'ex',34),(43,'consequatur',65),(44,'consectetur',1),(45,'harum',16),(46,'esse',65),(47,'numquam',57),(48,'dolorem',23),(49,'omnis',17),(50,'doloremque',30),(51,'et',43),(52,'nobis',1),(53,'sed',96),(54,'mollitia',43),(55,'dignissimos',70),(56,'alias',52),(57,'fugit',76),(58,'similique',82),(59,'soluta',47),(60,'quae',40),(61,'dicta',2),(62,'corporis',51),(63,'enim',47),(64,'a',18),(65,'pariatur',34),(66,'repellat',18),(67,'eius',17),(68,'et',54),(69,'soluta',25),(70,'voluptatem',51),(71,'atque',42),(72,'neque',91),(73,'inventore',84),(74,'voluptas',7),(75,'delectus',91),(76,'sed',100),(77,'laboriosam',71),(78,'molestiae',47),(79,'ratione',23),(80,'soluta',88),(81,'doloribus',77),(82,'aspernatur',65),(83,'molestias',88),(84,'eveniet',72),(85,'dignissimos',7),(86,'dolores',58),(87,'unde',24),(88,'qui',83),(89,'nesciunt',39),(90,'ex',71),(91,'consequatur',23),(92,'necessitatibus',41),(93,'quo',22),(94,'praesentium',70),(95,'et',58),(96,'eum',56),(97,'facilis',88),(98,'repellat',75),(99,'aspernatur',10),(100,'excepturi',12);
/*!40000 ALTER TABLE `photo_albums` ENABLE KEYS */;
UNLOCK TABLES;

--
-- Table structure for table `photos`
--

DROP TABLE IF EXISTS `photos`;
/*!40101 SET @saved_cs_client     = @@character_set_client */;
/*!40101 SET character_set_client = utf8 */;
CREATE TABLE `photos` (
  `id` bigint(20) unsigned NOT NULL AUTO_INCREMENT,
  `album_id` bigint(20) unsigned NOT NULL,
  `media_id` bigint(20) unsigned NOT NULL,
  PRIMARY KEY (`id`),
  KEY `album_id` (`album_id`),
  KEY `media_id` (`media_id`),
  CONSTRAINT `photos_ibfk_1` FOREIGN KEY (`album_id`) REFERENCES `photo_albums` (`id`) ON DELETE CASCADE ON UPDATE CASCADE,
  CONSTRAINT `photos_ibfk_2` FOREIGN KEY (`media_id`) REFERENCES `media` (`id`) ON DELETE CASCADE ON UPDATE CASCADE
) ENGINE=InnoDB AUTO_INCREMENT=101 DEFAULT CHARSET=utf8mb4 COLLATE=utf8mb4_unicode_ci;
/*!40101 SET character_set_client = @saved_cs_client */;

--
-- Dumping data for table `photos`
--

LOCK TABLES `photos` WRITE;
/*!40000 ALTER TABLE `photos` DISABLE KEYS */;
INSERT INTO `photos` VALUES (1,62,1),(2,54,2),(3,59,3),(4,64,4),(5,9,5),(6,83,6),(7,55,7),(8,80,8),(9,24,9),(10,20,10),(11,36,11),(12,72,12),(13,28,13),(14,39,14),(15,31,15),(16,56,16),(17,39,17),(18,44,18),(19,2,19),(20,99,20),(21,35,21),(22,89,22),(23,59,23),(24,27,24),(25,71,25),(26,85,26),(27,19,27),(28,48,28),(29,62,29),(30,77,30),(31,3,31),(32,24,32),(33,31,33),(34,61,34),(35,87,35),(36,40,36),(37,43,37),(38,41,38),(39,20,39),(40,66,40),(41,61,41),(42,55,42),(43,38,43),(44,89,44),(45,94,45),(46,69,46),(47,44,47),(48,33,48),(49,12,49),(50,46,50),(51,31,51),(52,47,52),(53,35,53),(54,90,54),(55,73,55),(56,5,56),(57,75,57),(58,92,58),(59,53,59),(60,36,60),(61,69,61),(62,55,62),(63,60,63),(64,100,64),(65,15,65),(66,46,66),(67,39,67),(68,58,68),(69,87,69),(70,59,70),(71,23,71),(72,48,72),(73,14,73),(74,60,74),(75,36,75),(76,7,76),(77,28,77),(78,80,78),(79,40,79),(80,40,80),(81,25,81),(82,70,82),(83,86,83),(84,59,84),(85,60,85),(86,59,86),(87,64,87),(88,34,88),(89,50,89),(90,16,90),(91,70,91),(92,19,92),(93,70,93),(94,29,94),(95,18,95),(96,85,96),(97,74,97),(98,57,98),(99,42,99),(100,61,100);
/*!40000 ALTER TABLE `photos` ENABLE KEYS */;
UNLOCK TABLES;

--
-- Table structure for table `profiles`
--

DROP TABLE IF EXISTS `profiles`;
/*!40101 SET @saved_cs_client     = @@character_set_client */;
/*!40101 SET character_set_client = utf8 */;
CREATE TABLE `profiles` (
  `user_id` bigint(20) unsigned NOT NULL AUTO_INCREMENT,
  `gender` char(1) COLLATE utf8mb4_unicode_ci DEFAULT NULL,
  `birthday` date DEFAULT NULL,
  `photo_id` bigint(20) unsigned DEFAULT NULL,
  `created_at` datetime DEFAULT current_timestamp(),
  `hometown` varchar(100) COLLATE utf8mb4_unicode_ci DEFAULT NULL,
  PRIMARY KEY (`user_id`),
  KEY `fk_photo_id` (`photo_id`),
  CONSTRAINT `fk_photo_id` FOREIGN KEY (`photo_id`) REFERENCES `photos` (`id`) ON DELETE SET NULL ON UPDATE CASCADE,
  CONSTRAINT `fk_user_id` FOREIGN KEY (`user_id`) REFERENCES `users` (`id`) ON DELETE CASCADE ON UPDATE CASCADE
) ENGINE=InnoDB AUTO_INCREMENT=101 DEFAULT CHARSET=utf8mb4 COLLATE=utf8mb4_unicode_ci;
/*!40101 SET character_set_client = @saved_cs_client */;

--
-- Dumping data for table `profiles`
--

LOCK TABLES `profiles` WRITE;
/*!40000 ALTER TABLE `profiles` DISABLE KEYS */;
INSERT INTO `profiles` VALUES (1,'m','2018-07-12',20,'2021-04-02 18:47:25',NULL),(2,'f','1991-11-04',40,'1990-01-20 03:51:50',NULL),(3,'f','2009-03-06',14,'1979-04-01 13:49:33',NULL),(4,'m','2012-02-08',46,'2005-03-09 22:31:47',NULL),(5,'m','1989-10-31',25,'2009-08-22 03:04:33',NULL),(6,'f','2005-05-16',98,'2007-06-17 04:20:13',NULL),(7,'m','1979-10-25',89,'1999-03-22 10:02:00',NULL),(8,'m','2000-07-19',86,'1974-04-03 04:12:56',NULL),(9,'m','1983-09-23',3,'1971-03-19 07:40:43',NULL),(10,'f','2000-09-16',95,'1991-01-04 17:45:42',NULL),(11,'m','1972-06-05',51,'1998-10-17 17:52:21',NULL),(12,'f','1985-08-14',78,'2014-10-04 13:35:08',NULL),(13,'f','1976-10-12',58,'1982-06-28 20:09:00',NULL),(14,'m','1984-11-22',1,'2015-10-04 00:58:08',NULL),(15,'f','1970-11-25',52,'1973-07-03 05:30:37',NULL),(16,'f','1970-05-13',43,'2021-09-21 07:20:33',NULL),(17,'f','1992-07-04',3,'1978-02-23 18:12:20',NULL),(18,'f','2012-08-23',75,'2009-05-10 10:31:41',NULL),(19,'f','2008-01-29',16,'2002-12-26 02:37:08',NULL),(20,'m','1977-10-13',67,'2004-06-04 09:06:57',NULL),(21,'f','1995-10-01',85,'2011-11-24 08:09:40',NULL),(22,'m','2000-06-11',6,'2014-11-27 01:15:01',NULL),(23,'f','1989-03-29',21,'2008-04-07 09:37:08',NULL),(24,'f','1986-10-09',2,'1986-09-03 01:42:29',NULL),(25,'f','2022-06-25',9,'2005-05-13 03:59:20',NULL),(26,'f','1994-05-11',26,'1974-11-10 07:01:42',NULL),(27,'f','1972-02-13',26,'1973-11-05 20:03:42',NULL),(28,'f','2010-07-28',56,'1999-11-21 21:46:46',NULL),(29,'m','1992-07-24',15,'1971-12-24 11:09:09',NULL),(30,'f','1987-09-15',45,'1970-03-06 07:33:22',NULL),(31,'m','2012-02-21',44,'2003-06-17 06:27:22',NULL),(32,'m','1995-03-28',35,'1972-07-06 19:34:35',NULL),(33,'f','1983-07-09',84,'2005-03-14 14:20:48',NULL),(34,'m','1979-10-22',57,'1975-07-05 14:41:30',NULL),(35,'m','2014-04-05',80,'1978-08-14 05:48:33',NULL),(36,'f','1971-06-24',8,'2021-07-15 02:20:12',NULL),(37,'m','1990-01-21',55,'2002-03-20 03:33:53',NULL),(38,'m','2007-09-14',68,'2017-03-12 13:18:05',NULL),(39,'m','1996-01-15',94,'1982-09-20 19:22:20',NULL),(40,'f','1991-09-27',57,'1977-07-13 04:00:39',NULL),(41,'m','2016-12-16',62,'1999-01-18 06:03:36',NULL),(42,'m','2000-03-17',44,'2019-08-08 01:20:03',NULL),(43,'f','1980-05-13',35,'2011-05-04 13:58:32',NULL),(44,'f','1997-01-29',20,'1971-07-25 23:00:17',NULL),(45,'m','1998-07-24',45,'1999-07-19 16:34:22',NULL),(46,'m','2020-02-08',86,'1996-03-19 06:22:22',NULL),(47,'m','2005-07-30',62,'1986-12-02 14:55:30',NULL),(48,'f','1973-07-11',48,'2014-02-02 02:43:15',NULL),(49,'m','2019-08-28',60,'1990-11-12 03:08:02',NULL),(50,'f','2002-09-22',77,'1982-06-16 22:51:33',NULL),(51,'m','2022-07-31',14,'1996-12-06 04:27:55',NULL),(52,'m','1970-08-07',45,'2019-11-21 09:27:59',NULL),(53,'m','2012-05-23',83,'2021-08-04 16:57:39',NULL),(54,'m','1984-12-24',35,'2011-02-11 01:19:14',NULL),(55,'m','1974-08-04',46,'2018-09-22 19:25:36',NULL),(56,'f','1983-07-28',91,'1984-08-15 04:29:40',NULL),(57,'m','1989-04-15',60,'1986-10-24 23:49:05',NULL),(58,'f','1987-08-03',72,'2020-11-16 15:19:49',NULL),(59,'m','2006-08-03',46,'1979-08-31 20:04:07',NULL),(60,'f','2021-03-09',75,'2019-10-25 20:44:15',NULL),(61,'f','2004-03-12',16,'1988-01-15 12:41:44',NULL),(62,'m','2012-06-14',89,'1971-02-12 11:09:06',NULL),(63,'m','1994-10-27',9,'1973-08-29 10:23:38',NULL),(64,'m','1992-12-30',99,'2019-10-27 04:37:34',NULL),(65,'m','1987-11-30',46,'1972-03-19 04:32:16',NULL),(66,'m','1979-05-12',88,'1989-04-27 21:48:48',NULL),(67,'f','2003-09-08',6,'1975-06-12 01:00:59',NULL),(68,'f','2006-06-23',100,'1999-04-12 19:46:35',NULL),(69,'m','1974-06-30',56,'1988-08-15 11:26:29',NULL),(70,'f','1989-10-27',100,'2021-08-16 07:10:13',NULL),(71,'f','1976-11-06',57,'1986-09-29 15:52:36',NULL),(72,'f','1975-07-22',17,'1991-01-21 19:46:20',NULL),(73,'m','2006-01-10',44,'1987-06-02 06:50:03',NULL),(74,'f','1971-12-14',91,'2022-01-09 00:50:22',NULL),(75,'m','2006-05-24',37,'2020-12-01 09:37:37',NULL),(76,'m','2020-07-15',88,'2011-05-27 23:43:54',NULL),(77,'m','1983-11-16',77,'2018-04-06 03:11:54',NULL),(78,'f','1979-08-31',98,'1982-10-10 06:56:00',NULL),(79,'f','2016-11-10',35,'2002-12-27 09:55:30',NULL),(80,'f','2020-07-27',37,'1984-07-04 01:40:52',NULL),(81,'f','1973-05-20',75,'1970-04-26 18:49:38',NULL),(82,'f','2014-03-27',49,'2021-08-16 10:00:11',NULL),(83,'m','2006-03-01',81,'2010-10-12 01:10:59',NULL),(84,'m','1997-04-30',57,'2016-10-22 11:22:06',NULL),(85,'m','2020-01-17',83,'2015-05-04 15:27:44',NULL),(86,'m','1988-12-05',27,'1986-04-03 23:56:49',NULL),(87,'m','1992-07-18',47,'2005-05-25 20:05:49',NULL),(88,'f','1981-04-23',43,'1977-10-20 21:38:57',NULL),(89,'f','2002-05-27',98,'1992-10-23 23:42:30',NULL),(90,'f','1992-08-16',92,'1973-01-09 16:03:27',NULL),(91,'f','2006-08-17',18,'1997-03-19 03:56:38',NULL),(92,'m','2005-11-11',13,'2010-03-07 15:13:51',NULL),(93,'m','2009-05-13',80,'1978-02-27 03:46:56',NULL),(94,'m','1998-12-25',27,'1975-02-16 02:07:26',NULL),(95,'f','1978-06-16',11,'1971-02-22 10:05:17',NULL),(96,'f','1990-10-01',26,'2021-07-16 16:32:36',NULL),(97,'m','1970-04-10',15,'1999-03-28 09:05:51',NULL),(98,'m','2003-03-27',17,'2014-08-30 22:19:17',NULL),(99,'f','1985-04-30',25,'1986-05-24 13:07:31',NULL),(100,'m','1986-03-05',70,'2001-07-05 23:58:02',NULL);
/*!40000 ALTER TABLE `profiles` ENABLE KEYS */;
UNLOCK TABLES;

--
-- Table structure for table `users`
--

DROP TABLE IF EXISTS `users`;
/*!40101 SET @saved_cs_client     = @@character_set_client */;
/*!40101 SET character_set_client = utf8 */;
CREATE TABLE `users` (
  `id` bigint(20) unsigned NOT NULL AUTO_INCREMENT,
  `firstname` varchar(100) COLLATE utf8mb4_unicode_ci DEFAULT NULL,
  `lastname` varchar(100) COLLATE utf8mb4_unicode_ci DEFAULT NULL COMMENT '',
  `email` varchar(100) COLLATE utf8mb4_unicode_ci DEFAULT NULL,
  `password_hash` varchar(100) COLLATE utf8mb4_unicode_ci DEFAULT NULL,
  `phone` bigint(20) DEFAULT NULL,
  `is_deleted` bit(1) DEFAULT b'0',
  PRIMARY KEY (`id`),
  UNIQUE KEY `email` (`email`),
  KEY `users_firstname_lastname_idx` (`firstname`,`lastname`)
) ENGINE=InnoDB AUTO_INCREMENT=101 DEFAULT CHARSET=utf8mb4 COLLATE=utf8mb4_unicode_ci;
/*!40101 SET character_set_client = @saved_cs_client */;

--
-- Dumping data for table `users`
--

LOCK TABLES `users` WRITE;
/*!40000 ALTER TABLE `users` DISABLE KEYS */;
INSERT INTO `users` VALUES (1,'Clovis','Brekke','iritchie@example.com','c41c0d78be106e4b298dc83ab4bfb4cf58c42d4b',99646560572,''),(2,'Roma','Will','gregory.kris@example.net','fd6205457eac83447fbe60ba6de548bc47f43f5b',91990819681,'\0'),(3,'Dakota','Roberts','linnea46@example.com','6713664e3212ebd702cf6e0ac0eb0bbf0c31b3cd',93430191741,''),(4,'Claudie','Flatley','elissa05@example.net','1e5e7f0c4a39de1bcc936d14bd232199160dddd4',97188712682,''),(5,'Delphia','Cronin','ronaldo.waters@example.com','97f09a835db1d6b8766142c0b953944f435b5548',99399748746,''),(6,'Garret','Veum','bradley.dach@example.com','05318fa18f0cd163e9caf31c04dd0d5f04e18653',92860626402,'\0'),(7,'Brad','DuBuque','katrine18@example.net','8d447e4895d8d9a4d3c0c4d39c730825025a9ffc',91119595366,'\0'),(8,'Jamir','Crist','fae.murray@example.org','8971a36f2c9ae39e7d8510b87ce4ecd2125734c6',94877805348,'\0'),(9,'Rafael','Kozey','cskiles@example.org','ae4899ffca82d3cdddae78b59f55f4aaabf80625',91604075684,''),(10,'Idella','Batz','julien.robel@example.org','5767ca548ae395612c252caeb4434c009c938258',90884257434,'\0'),(11,'Alexanne','Feeney','nathanael50@example.com','ea890645fa02d1bdddacd3bcd2f638329a3771b4',92754648529,'\0'),(12,'Adelia','Grady','beatrice.waters@example.com','a066d4a9336e27c1444d28aa2da7aa236fb3a3e9',93716589824,'\0'),(13,'Sandra','Ullrich','jennings46@example.net','d4442f3aefd27e7dcf4aef3c033390d691a289d1',95651505238,'\0'),(14,'Isobel','Mraz','wiegand.kellen@example.com','10999f1a644d9bde34ae819fc1a556b280fe9c0a',90648670029,'\0'),(15,'Brandy','Macejkovic','ariane01@example.net','7272ffddb991a6a6c9a830a24977f0fe2e0693f1',97804256615,''),(16,'Delaney','Stanton','tessie63@example.net','e90e141db2d8aac9e0ba9a45a3627bfdefa4e118',97170466341,'\0'),(17,'Adelbert','Aufderhar','shickle@example.net','922b3132724c8252a77656d96908bc27d0ea6ec2',95537280824,'\0'),(18,'Eloy','Bernier','mparisian@example.org','e59d035640f0cfd4b9406947e60e6399f35094c6',96550614212,''),(19,'Layla','Gaylord','adolph31@example.org','0e20ed1ff9e7e8c2ce26826b484d5a559220b20c',93100823254,''),(20,'Theresia','Von','zieme.javier@example.org','a2c6e5dd592504f13e19a3846094e25e39786673',90423340770,''),(21,'Samson','Schroeder','kunze.adelle@example.com','c1960cacab70f49c142a818e1027f1ebf553dd4a',96640225703,'\0'),(22,'Muriel','Roob','abelardo49@example.org','194b2d5265e1f800040141ac4802765c75b003d0',99440205888,'\0'),(23,'Maxine','Conn','salvatore.o\'keefe@example.net','db4dfbea5e63ab794367d6ad13b5cce04f9c59a5',90017400570,'\0'),(24,'Dangelo','Muller','sarah11@example.com','1fb44fcf15884a2f7f63de9e76b67c80b5266a28',93275764288,''),(25,'Vincent','Wiza','ulangworth@example.com','64df4a399a02950878ac7a83eb85bcc887b0d4b4',98038366500,'\0'),(26,'Aglae','Huels','arlene34@example.org','b0ff10a6fd9a3217cfc741a7a0210511f3817cfc',95182569434,''),(27,'Buster','Beatty','candido.kutch@example.org','70a7f545e5e9e45e2635f443a77f2f4813c9a053',96598854924,''),(28,'Delores','Witting','demario26@example.org','d6a257e70021b3dafe156382cf8c9d340daa7625',91264822572,'\0'),(29,'Brooke','Parisian','kellie.waelchi@example.net','49466c8f4ad539b3aa669a3253365e6413bb4636',93176116390,''),(30,'Dayana','Howell','fcorwin@example.net','9b5438ed3b6ab20b08c2ba7845f4612125e50f09',99071119152,''),(31,'Lenny','Labadie','qreinger@example.net','d539749cfec6b55f939d0d153e90359366a4a26a',96180140644,'\0'),(32,'Andy','Stroman','hessel.berta@example.com','e4432f2d3f9eed566dc773fed751bfe9cf97f112',91084261127,''),(33,'Roselyn','Conroy','bode.korey@example.com','71400637c8668b395afc607ee28dd3a4ebca5437',98477002534,'\0'),(34,'Alberta','Walter','ian.gerhold@example.com','d2b20841c4da4c67b522af92ba21fd1034e30a73',99056002948,''),(35,'Haskell','Kuvalis','xebert@example.com','12fb2bd5cdbf8b40d6fe07f29559c50c7317ac20',98364026456,'\0'),(36,'Creola','Ledner','dave.kuhlman@example.com','beb98b0bd24e2a64fffbce6a949cc2c27196e5d4',96181705852,'\0'),(37,'Rhoda','Crooks','rjacobi@example.com','423e84ecc754d776a3feea96e2cb03f06bf58108',93554276285,''),(38,'Hobart','Bradtke','fhodkiewicz@example.net','66401b580d7527c52beadd3d714ee77cb658cafa',90066168578,'\0'),(39,'Florencio','Zboncak','treinger@example.org','c43c1ab89183de8b7ab6833fcf2670ce43d488f3',94090506017,''),(40,'Vivian','Auer','spinka.price@example.org','33f3a048e98ec3ca5e495e945103dc4382a90923',92887242479,'\0'),(41,'Jeremy','Doyle','shanahan.luella@example.net','610a9dd4cac81bc60ed45b179f97a8a39ddbb068',98582453270,'\0'),(42,'Breanna','Pouros','little.cordell@example.com','2c88cf7c1117e11abf3a0819aea50a959fa11db3',91307299617,'\0'),(43,'Samara','Ruecker','qcassin@example.com','d36255ef3b1962a9c591f5941f6fa632cc960a33',98128142434,''),(44,'Nella','Herzog','anderson.sebastian@example.org','f51dc032eaed023f07d25255cd12573717ca532a',90159329674,'\0'),(45,'Elena','Hartmann','xavier.dubuque@example.com','f1fb8d719e3d10e686d34985cd780f5fba795b55',94979835886,''),(46,'Pink','Kohler','kris.vincent@example.com','9d739304d42d4cb17009c8c918f01744ee47e822',99025810485,'\0'),(47,'Silas','Crooks','bednar.sammy@example.com','6196ba96851f540ad347ff0659f4f17412c17eef',98874749181,'\0'),(48,'Heber','Hintz','emmanuelle.schowalter@example.com','2a8939283a26e3a771b38dd1e137afbd63eab450',95991436236,'\0'),(49,'Margret','Frami','howell.dibbert@example.org','9440cd238fcc8ba9b52a997d45f617ebacf154ab',92316813419,'\0'),(50,'Rowan','Prohaska','cale.mraz@example.net','457f0d98697632ba96a1de0f38349aa6bdfefdbb',90448930650,''),(51,'Shyann','Stroman','kozey.arne@example.net','38d514c68256f245f5eb2fb86eda137d17eb27a7',96452893869,'\0'),(52,'Clementine','Krajcik','russel.helena@example.org','bd871ed53715a3590b3903a03b36365528666d0f',94098867626,''),(53,'Antoinette','Yost','sanford.elvie@example.com','b1b724b8000c106bd883058aa31526b64c2c71a0',93581589229,''),(54,'Breanna','Weimann','kovacek.dorothea@example.net','c87c6e51014b41f81c445d738f5307e8b7c3e1df',99112339479,'\0'),(55,'Chelsea','Smitham','addie27@example.com','f0f4949456370d3b7c21c532e2ced1449bba4bdb',94916394881,''),(56,'Lilyan','Hintz','bdooley@example.net','45e3c8a57fc4373a9bb68f51718c5d80ab441e62',95718347279,'\0'),(57,'Ellie','Considine','nhermiston@example.net','1fd6fb970f1ffcb48425027b7b6fe869c9381ed9',95386700972,'\0'),(58,'Jordy','Feest','tess.daugherty@example.org','7aff0fd8402f6f1209639f648e9236169ad98c57',96502526354,'\0'),(59,'Jerry','Dietrich','alexanne.spinka@example.net','f9356f1862239a900c4ec8d7c830e035c888da04',90234005549,'\0'),(60,'Cecelia','Brekke','fisher.alison@example.com','41a330c61edc56e7fc6f45b953ef4e77595fd32a',91040797993,'\0'),(61,'Emmanuel','Kling','chadrick.johnson@example.com','addd6be1d8745067c49c598cbb827bef2fd46a5c',92129108236,''),(62,'Camila','Harvey','wanda05@example.net','10c0b5a60ddbcd1fed90ced78202b40a0888476c',93508865048,'\0'),(63,'Emil','Reichert','rosella19@example.org','ba445e321d2c6c9f280847c6254714828977fd60',90857609408,'\0'),(64,'Maiya','Swift','baumbach.clemens@example.org','56f6994be2583ca58170b711c68cbaf08b1b8de9',91670489871,'\0'),(65,'Claude','Graham','fredy.waters@example.com','8c0b43e747debdc6a5bbb0ab4b1e8ba2bbfff448',90097826584,''),(66,'Melvin','Marks','kyler09@example.org','60f16539c9a508ae61c71ca33b650a4266639100',99103094962,''),(67,'Sadie','Bauch','zherman@example.org','e2fa6eaffdb2c9f34199433153838d98d8e5e52d',92307043998,''),(68,'Fatima','Erdman','gorczany.trudie@example.com','bef23c35dfcabf08ae9be623bb0d0c40a045d183',95203448815,''),(69,'Jayne','Nitzsche','josiah25@example.com','46409e0c427b9a54a4aba60af628e8389276f8f6',96594475631,'\0'),(70,'Javier','Buckridge','blanca.zulauf@example.net','b1608df13acdf43024460ee61afb317cbbfb87d4',99921491117,''),(71,'Keara','Goldner','lacey.collins@example.net','5d6a48b4e657defa628c9a2c77df3856b1706f6c',94140626743,'\0'),(72,'Otis','Wisozk','haskell.kautzer@example.net','2be099af32b78d2363c5cc9f0b1716b89207db1c',92234883821,'\0'),(73,'Jaylen','Nicolas','ywisoky@example.com','8c3892b32070f8b7c062cc58765923e0d668a329',99404276212,''),(74,'Etha','Mitchell','joannie03@example.net','0f1791b2eb2bc05f08255139b7d2fd2e45820dd8',91266881670,''),(75,'Titus','Powlowski','gulgowski.cole@example.com','85d922644d0d4c96fe57ee2ef1ad6350d3e5c927',96728264473,''),(76,'Wava','Borer','slind@example.net','c1d8da6086648be5ddf840f606719d3d66fd72e8',93790558373,''),(77,'Korey','Morar','fwalter@example.net','e5fb8342f9dfe0b9db2ee71a1080249eef06f68d',98794446703,'\0'),(78,'Camron','Towne','lurline.kreiger@example.net','149f08d69064237e6a2595a3dcaaed33f6014956',92889300809,'\0'),(79,'Keanu','Kuphal','ebba.wiegand@example.org','acc733efd9b7251f7a8ec0e0f767f2c01264a074',94570458882,'\0'),(80,'Janet','Donnelly','virgie99@example.com','1e85933bbd285b74f5beeaf89f4964e10a9d0b30',99509767186,'\0'),(81,'Odie','Nikolaus','walter.alf@example.net','6ad4e67aa5c990ecc56f9ac4e64fa2533e3d9e85',91184406323,''),(82,'Leilani','Marks','robel.karen@example.com','4147feefee90241cbe695b1f8ea296249430a2ad',98872409308,'\0'),(83,'Bernie','Christiansen','nienow.alexander@example.org','f7ee1e57352ed4a6cc6d9b07ae29827bf652d47b',93598722360,'\0'),(84,'Sierra','Hyatt','jose.rogahn@example.net','695bdc542cd569160c6ae8e028082937774d6e12',90676754876,'\0'),(85,'Jackson','Bartell','pgrady@example.net','5c4cbc0ed8c18d339783c7ea2cf970d484c53397',95809674442,''),(86,'Elsie','Nicolas','ischowalter@example.com','80e68684ac9ba5c2532db7b31809f785a898fdcf',96482546625,''),(87,'Milo','Rogahn','trempel@example.com','a1990c7a1d2af21cf22fd5aa1e14c20773b0a654',98931093475,'\0'),(88,'Jammie','Moen','pjacobi@example.net','7143afae290f25978dbae1318e7d78e5491b11a1',97072737816,''),(89,'Loy','Lind','lucie.batz@example.net','ffed1d6718707491bda6ca57237d01ff2b984f11',97738782445,''),(90,'Nayeli','Ritchie','aboyle@example.org','641ef4fbb8385a981609c5bb2389e383082093cd',95506407728,'\0'),(91,'Lisette','Ebert','maeve56@example.com','dd100fb50b66a14af39febd1ba316753e127b022',94617062995,'\0'),(92,'Gerard','Kunde','bosinski@example.com','37148e838d725d03c168feb62341ebb6e701779c',95884825957,''),(93,'Bettie','Ferry','runolfsdottir.mitchell@example.org','9212a26f165b43cfe0d92efb6c5f01fb344f6a94',94595354141,''),(94,'Nathanial','Schinner','omiller@example.org','a80f960e3b135fb332ff434b438e06de0a057a6f',99184963003,'\0'),(95,'Claudie','Orn','pkutch@example.net','cc841ff4c7a988e0681409ed1221b52d211040f2',96548882180,''),(96,'Elfrieda','Kunze','muller.mackenzie@example.com','ae8413155ad0244edf6c4ea02ff11fb5985f27d5',93405590934,''),(97,'Ettie','Waelchi','eichmann.mortimer@example.com','51d2669efaf89a0a1d6ac7377add2c6f79c3a377',94559173553,''),(98,'Brittany','Stanton','ahmad01@example.net','62114d15ea18fcc098b8909aa837b7181453600c',99585591437,'\0'),(99,'Greg','Hand','lucius32@example.com','feebc14cd0d2fcc268183f3a910541495d7d931d',90269654486,''),(100,'Arjun','Spinka','antonina.mante@example.net','6051077c80d745b75155b055fc3fe335d76db278',93226789112,'');
/*!40000 ALTER TABLE `users` ENABLE KEYS */;
UNLOCK TABLES;

--
-- Table structure for table `users_communities`
--

DROP TABLE IF EXISTS `users_communities`;
/*!40101 SET @saved_cs_client     = @@character_set_client */;
/*!40101 SET character_set_client = utf8 */;
CREATE TABLE `users_communities` (
  `user_id` bigint(20) unsigned NOT NULL,
  `community_id` bigint(20) unsigned NOT NULL,
  PRIMARY KEY (`user_id`,`community_id`),
  KEY `community_id` (`community_id`),
  CONSTRAINT `users_communities_ibfk_1` FOREIGN KEY (`user_id`) REFERENCES `users` (`id`) ON DELETE CASCADE ON UPDATE CASCADE,
  CONSTRAINT `users_communities_ibfk_2` FOREIGN KEY (`community_id`) REFERENCES `communities` (`id`) ON DELETE CASCADE ON UPDATE CASCADE
) ENGINE=InnoDB DEFAULT CHARSET=utf8mb4 COLLATE=utf8mb4_unicode_ci;
/*!40101 SET character_set_client = @saved_cs_client */;

--
-- Dumping data for table `users_communities`
--

LOCK TABLES `users_communities` WRITE;
/*!40000 ALTER TABLE `users_communities` DISABLE KEYS */;
INSERT INTO `users_communities` VALUES (2,54),(4,64),(4,90),(5,29),(5,40),(5,48),(6,33),(6,55),(6,84),(7,23),(8,12),(9,7),(9,22),(9,65),(9,87),(12,34),(13,22),(13,45),(13,63),(14,8),(15,53),(18,71),(19,30),(19,55),(19,56),(20,14),(20,19),(20,58),(20,64),(22,24),(22,50),(23,17),(24,23),(24,55),(26,89),(29,35),(30,26),(31,43),(31,99),(32,81),(32,95),(33,85),(35,8),(35,12),(36,10),(36,95),(37,82),(39,89),(39,98),(41,90),(43,73),(44,18),(44,63),(46,2),(46,30),(47,69),(48,50),(50,48),(51,74),(53,67),(53,93),(54,33),(54,86),(56,5),(56,16),(57,55),(63,18),(63,22),(64,26),(64,96),(65,31),(67,98),(69,23),(70,24),(70,74),(70,91),(70,97),(71,64),(73,14),(74,88),(77,69),(77,78),(78,75),(79,95),(80,11),(81,59),(82,75),(84,21),(84,72),(85,14),(91,76),(92,21),(93,13),(93,41),(94,52),(95,21),(98,1),(99,27),(100,54);
/*!40000 ALTER TABLE `users_communities` ENABLE KEYS */;
UNLOCK TABLES;
/*!40103 SET TIME_ZONE=@OLD_TIME_ZONE */;

/*!40101 SET SQL_MODE=@OLD_SQL_MODE */;
/*!40014 SET FOREIGN_KEY_CHECKS=@OLD_FOREIGN_KEY_CHECKS */;
/*!40014 SET UNIQUE_CHECKS=@OLD_UNIQUE_CHECKS */;
/*!40101 SET CHARACTER_SET_CLIENT=@OLD_CHARACTER_SET_CLIENT */;
/*!40101 SET CHARACTER_SET_RESULTS=@OLD_CHARACTER_SET_RESULTS */;
/*!40101 SET COLLATION_CONNECTION=@OLD_COLLATION_CONNECTION */;
/*!40111 SET SQL_NOTES=@OLD_SQL_NOTES */;

-- Dump completed on 2022-09-06 18:11:55
